,path,classes,species
0,C:/Users/liu68/Documents/computer_vision_tf2/dataset/rabbit_cat_chicken/train/rabbits\rabbits000.jpg,0,0
1,C:/Users/liu68/Documents/computer_vision_tf2/dataset/rabbit_cat_chicken/train/rabbits\rabbits001.jpg,0,0
2,C:/Users/liu68/Documents/computer_vision_tf2/dataset/rabbit_cat_chicken/train/rabbits\rabbits002.jpg,0,0
3,C:/Users/liu68/Documents/computer_vision_tf2/dataset/rabbit_cat_chicken/train/rabbits\rabbits003.jpg,0,0
4,C:/Users/liu68/Documents/computer_vision_tf2/dataset/rabbit_cat_chicken/train/rabbits\rabbits004.jpg,0,0
5,C:/Users/liu68/Documents/computer_vision_tf2/dataset/rabbit_cat_chicken/train/rabbits\rabbits005.jpg,0,0
6,C:/Users/liu68/Documents/computer_vision_tf2/dataset/rabbit_cat_chicken/train/rabbits\rabbits006.jpg,0,0
7,C:/Users/liu68/Documents/computer_vision_tf2/dataset/rabbit_cat_chicken/train/rabbits\rabbits007.jpg,0,0
8,C:/Users/liu68/Documents/computer_vision_tf2/dataset/rabbit_cat_chicken/train/rabbits\rabbits008.jpg,0,0
9,C:/Users/liu68/Documents/computer_vision_tf2/dataset/rabbit_cat_chicken/train/rabbits\rabbits009.jpg,0,0
10,C:/Users/liu68/Documents/computer_vision_tf2/dataset/rabbit_cat_chicken/train/rabbits\rabbits010.jpg,0,0
11,C:/Users/liu68/Documents/computer_vision_tf2/dataset/rabbit_cat_chicken/train/rabbits\rabbits011.jpg,0,0
12,C:/Users/liu68/Documents/computer_vision_tf2/dataset/rabbit_cat_chicken/train/rabbits\rabbits012.jpg,0,0
13,C:/Users/liu68/Documents/computer_vision_tf2/dataset/rabbit_cat_chicken/train/rabbits\rabbits013.jpg,0,0
14,C:/Users/liu68/Documents/computer_vision_tf2/dataset/rabbit_cat_chicken/train/rabbits\rabbits014.jpg,0,0
15,C:/Users/liu68/Documents/computer_vision_tf2/dataset/rabbit_cat_chicken/train/rabbits\rabbits015.jpg,0,0
16,C:/Users/liu68/Documents/computer_vision_tf2/dataset/rabbit_cat_chicken/train/rabbits\rabbits016.jpg,0,0
17,C:/Users/liu68/Documents/computer_vision_tf2/dataset/rabbit_cat_chicken/train/rabbits\rabbits017.jpg,0,0
18,C:/Users/liu68/Documents/computer_vision_tf2/dataset/rabbit_cat_chicken/train/rabbits\rabbits018.jpg,0,0
19,C:/Users/liu68/Documents/computer_vision_tf2/dataset/rabbit_cat_chicken/train/rabbits\rabbits019.jpg,0,0
20,C:/Users/liu68/Documents/computer_vision_tf2/dataset/rabbit_cat_chicken/train/rabbits\rabbits020.jpg,0,0
21,C:/Users/liu68/Documents/computer_vision_tf2/dataset/rabbit_cat_chicken/train/rabbits\rabbits021.jpg,0,0
22,C:/Users/liu68/Documents/computer_vision_tf2/dataset/rabbit_cat_chicken/train/rabbits\rabbits022.jpg,0,0
23,C:/Users/liu68/Documents/computer_vision_tf2/dataset/rabbit_cat_chicken/train/rabbits\rabbits023.jpg,0,0
24,C:/Users/liu68/Documents/computer_vision_tf2/dataset/rabbit_cat_chicken/train/rabbits\rabbits024.jpg,0,0
25,C:/Users/liu68/Documents/computer_vision_tf2/dataset/rabbit_cat_chicken/train/rabbits\rabbits025.jpg,0,0
26,C:/Users/liu68/Documents/computer_vision_tf2/dataset/rabbit_cat_chicken/train/rabbits\rabbits026.jpg,0,0
27,C:/Users/liu68/Documents/computer_vision_tf2/dataset/rabbit_cat_chicken/train/rabbits\rabbits027.jpg,0,0
28,C:/Users/liu68/Documents/computer_vision_tf2/dataset/rabbit_cat_chicken/train/rabbits\rabbits028.jpg,0,0
29,C:/Users/liu68/Documents/computer_vision_tf2/dataset/rabbit_cat_chicken/train/rabbits\rabbits029.jpg,0,0
30,C:/Users/liu68/Documents/computer_vision_tf2/dataset/rabbit_cat_chicken/train/rabbits\rabbits030.jpg,0,0
31,C:/Users/liu68/Documents/computer_vision_tf2/dataset/rabbit_cat_chicken/train/rabbits\rabbits031.jpg,0,0
32,C:/Users/liu68/Documents/computer_vision_tf2/dataset/rabbit_cat_chicken/train/rabbits\rabbits032.jpg,0,0
33,C:/Users/liu68/Documents/computer_vision_tf2/dataset/rabbit_cat_chicken/train/rabbits\rabbits033.jpg,0,0
34,C:/Users/liu68/Documents/computer_vision_tf2/dataset/rabbit_cat_chicken/train/rabbits\rabbits034.jpg,0,0
35,C:/Users/liu68/Documents/computer_vision_tf2/dataset/rabbit_cat_chicken/train/rabbits\rabbits035.jpg,0,0
36,C:/Users/liu68/Documents/computer_vision_tf2/dataset/rabbit_cat_chicken/train/rabbits\rabbits036.jpg,0,0
37,C:/Users/liu68/Documents/computer_vision_tf2/dataset/rabbit_cat_chicken/train/rabbits\rabbits037.jpg,0,0
38,C:/Users/liu68/Documents/computer_vision_tf2/dataset/rabbit_cat_chicken/train/rabbits\rabbits038.jpg,0,0
39,C:/Users/liu68/Documents/computer_vision_tf2/dataset/rabbit_cat_chicken/train/rabbits\rabbits039.jpg,0,0
40,C:/Users/liu68/Documents/computer_vision_tf2/dataset/rabbit_cat_chicken/train/rabbits\rabbits040.jpg,0,0
41,C:/Users/liu68/Documents/computer_vision_tf2/dataset/rabbit_cat_chicken/train/rabbits\rabbits041.jpg,0,0
42,C:/Users/liu68/Documents/computer_vision_tf2/dataset/rabbit_cat_chicken/train/rabbits\rabbits042.jpg,0,0
43,C:/Users/liu68/Documents/computer_vision_tf2/dataset/rabbit_cat_chicken/train/rabbits\rabbits043.jpg,0,0
44,C:/Users/liu68/Documents/computer_vision_tf2/dataset/rabbit_cat_chicken/train/rabbits\rabbits044.jpg,0,0
45,C:/Users/liu68/Documents/computer_vision_tf2/dataset/rabbit_cat_chicken/train/rabbits\rabbits045.jpg,0,0
46,C:/Users/liu68/Documents/computer_vision_tf2/dataset/rabbit_cat_chicken/train/rabbits\rabbits046.jpg,0,0
47,C:/Users/liu68/Documents/computer_vision_tf2/dataset/rabbit_cat_chicken/train/rabbits\rabbits047.jpg,0,0
48,C:/Users/liu68/Documents/computer_vision_tf2/dataset/rabbit_cat_chicken/train/rabbits\rabbits048.jpg,0,0
49,C:/Users/liu68/Documents/computer_vision_tf2/dataset/rabbit_cat_chicken/train/rabbits\rabbits049.jpg,0,0
50,C:/Users/liu68/Documents/computer_vision_tf2/dataset/rabbit_cat_chicken/train/rabbits\rabbits050.jpg,0,0
51,C:/Users/liu68/Documents/computer_vision_tf2/dataset/rabbit_cat_chicken/train/rabbits\rabbits051.jpg,0,0
52,C:/Users/liu68/Documents/computer_vision_tf2/dataset/rabbit_cat_chicken/train/rabbits\rabbits052.jpg,0,0
53,C:/Users/liu68/Documents/computer_vision_tf2/dataset/rabbit_cat_chicken/train/rabbits\rabbits053.jpg,0,0
54,C:/Users/liu68/Documents/computer_vision_tf2/dataset/rabbit_cat_chicken/train/rabbits\rabbits054.jpg,0,0
55,C:/Users/liu68/Documents/computer_vision_tf2/dataset/rabbit_cat_chicken/train/rabbits\rabbits055.jpg,0,0
56,C:/Users/liu68/Documents/computer_vision_tf2/dataset/rabbit_cat_chicken/train/rabbits\rabbits056.jpg,0,0
57,C:/Users/liu68/Documents/computer_vision_tf2/dataset/rabbit_cat_chicken/train/rabbits\rabbits057.jpg,0,0
58,C:/Users/liu68/Documents/computer_vision_tf2/dataset/rabbit_cat_chicken/train/rabbits\rabbits058.jpg,0,0
59,C:/Users/liu68/Documents/computer_vision_tf2/dataset/rabbit_cat_chicken/train/rabbits\rabbits059.jpg,0,0
60,C:/Users/liu68/Documents/computer_vision_tf2/dataset/rabbit_cat_chicken/train/rabbits\rabbits060.jpg,0,0
61,C:/Users/liu68/Documents/computer_vision_tf2/dataset/rabbit_cat_chicken/train/rabbits\rabbits061.jpg,0,0
62,C:/Users/liu68/Documents/computer_vision_tf2/dataset/rabbit_cat_chicken/train/rabbits\rabbits062.jpg,0,0
63,C:/Users/liu68/Documents/computer_vision_tf2/dataset/rabbit_cat_chicken/train/rabbits\rabbits063.jpg,0,0
64,C:/Users/liu68/Documents/computer_vision_tf2/dataset/rabbit_cat_chicken/train/rabbits\rabbits064.jpg,0,0
65,C:/Users/liu68/Documents/computer_vision_tf2/dataset/rabbit_cat_chicken/train/rabbits\rabbits065.jpg,0,0
66,C:/Users/liu68/Documents/computer_vision_tf2/dataset/rabbit_cat_chicken/train/rabbits\rabbits066.jpg,0,0
67,C:/Users/liu68/Documents/computer_vision_tf2/dataset/rabbit_cat_chicken/train/rabbits\rabbits067.jpg,0,0
68,C:/Users/liu68/Documents/computer_vision_tf2/dataset/rabbit_cat_chicken/train/rabbits\rabbits068.jpg,0,0
69,C:/Users/liu68/Documents/computer_vision_tf2/dataset/rabbit_cat_chicken/train/rabbits\rabbits069.jpg,0,0
70,C:/Users/liu68/Documents/computer_vision_tf2/dataset/rabbit_cat_chicken/train/rabbits\rabbits070.jpg,0,0
71,C:/Users/liu68/Documents/computer_vision_tf2/dataset/rabbit_cat_chicken/train/rabbits\rabbits071.jpg,0,0
72,C:/Users/liu68/Documents/computer_vision_tf2/dataset/rabbit_cat_chicken/train/rabbits\rabbits072.jpg,0,0
73,C:/Users/liu68/Documents/computer_vision_tf2/dataset/rabbit_cat_chicken/train/rabbits\rabbits073.jpg,0,0
74,C:/Users/liu68/Documents/computer_vision_tf2/dataset/rabbit_cat_chicken/train/rabbits\rabbits074.jpg,0,0
75,C:/Users/liu68/Documents/computer_vision_tf2/dataset/rabbit_cat_chicken/train/rabbits\rabbits075.jpg,0,0
76,C:/Users/liu68/Documents/computer_vision_tf2/dataset/rabbit_cat_chicken/train/rabbits\rabbits076.jpg,0,0
77,C:/Users/liu68/Documents/computer_vision_tf2/dataset/rabbit_cat_chicken/train/rabbits\rabbits077.jpg,0,0
78,C:/Users/liu68/Documents/computer_vision_tf2/dataset/rabbit_cat_chicken/train/rabbits\rabbits078.jpg,0,0
79,C:/Users/liu68/Documents/computer_vision_tf2/dataset/rabbit_cat_chicken/train/rabbits\rabbits079.jpg,0,0
80,C:/Users/liu68/Documents/computer_vision_tf2/dataset/rabbit_cat_chicken/train/rabbits\rabbits080.jpg,0,0
81,C:/Users/liu68/Documents/computer_vision_tf2/dataset/rabbit_cat_chicken/train/rabbits\rabbits081.jpg,0,0
82,C:/Users/liu68/Documents/computer_vision_tf2/dataset/rabbit_cat_chicken/train/rabbits\rabbits082.jpg,0,0
83,C:/Users/liu68/Documents/computer_vision_tf2/dataset/rabbit_cat_chicken/train/rabbits\rabbits083.jpg,0,0
84,C:/Users/liu68/Documents/computer_vision_tf2/dataset/rabbit_cat_chicken/train/rabbits\rabbits084.jpg,0,0
85,C:/Users/liu68/Documents/computer_vision_tf2/dataset/rabbit_cat_chicken/train/rabbits\rabbits085.jpg,0,0
86,C:/Users/liu68/Documents/computer_vision_tf2/dataset/rabbit_cat_chicken/train/rabbits\rabbits086.jpg,0,0
87,C:/Users/liu68/Documents/computer_vision_tf2/dataset/rabbit_cat_chicken/train/rabbits\rabbits087.jpg,0,0
88,C:/Users/liu68/Documents/computer_vision_tf2/dataset/rabbit_cat_chicken/train/rabbits\rabbits088.jpg,0,0
89,C:/Users/liu68/Documents/computer_vision_tf2/dataset/rabbit_cat_chicken/train/rabbits\rabbits089.jpg,0,0
90,C:/Users/liu68/Documents/computer_vision_tf2/dataset/rabbit_cat_chicken/train/rabbits\rabbits090.jpg,0,0
91,C:/Users/liu68/Documents/computer_vision_tf2/dataset/rabbit_cat_chicken/train/rabbits\rabbits091.jpg,0,0
92,C:/Users/liu68/Documents/computer_vision_tf2/dataset/rabbit_cat_chicken/train/rabbits\rabbits092.jpg,0,0
93,C:/Users/liu68/Documents/computer_vision_tf2/dataset/rabbit_cat_chicken/train/rabbits\rabbits093.jpg,0,0
94,C:/Users/liu68/Documents/computer_vision_tf2/dataset/rabbit_cat_chicken/train/rabbits\rabbits094.jpg,0,0
95,C:/Users/liu68/Documents/computer_vision_tf2/dataset/rabbit_cat_chicken/train/rabbits\rabbits095.jpg,0,0
96,C:/Users/liu68/Documents/computer_vision_tf2/dataset/rabbit_cat_chicken/train/rabbits\rabbits096.jpg,0,0
97,C:/Users/liu68/Documents/computer_vision_tf2/dataset/rabbit_cat_chicken/train/rabbits\rabbits097.jpg,0,0
98,C:/Users/liu68/Documents/computer_vision_tf2/dataset/rabbit_cat_chicken/train/rabbits\rabbits098.jpg,0,0
99,C:/Users/liu68/Documents/computer_vision_tf2/dataset/rabbit_cat_chicken/train/rabbits\rabbits099.jpg,0,0
100,C:/Users/liu68/Documents/computer_vision_tf2/dataset/rabbit_cat_chicken/train/rabbits\rabbits100.jpg,0,0
101,C:/Users/liu68/Documents/computer_vision_tf2/dataset/rabbit_cat_chicken/train/rabbits\rabbits101.jpg,0,0
102,C:/Users/liu68/Documents/computer_vision_tf2/dataset/rabbit_cat_chicken/train/rabbits\rabbits102.jpg,0,0
103,C:/Users/liu68/Documents/computer_vision_tf2/dataset/rabbit_cat_chicken/train/rabbits\rabbits103.jpg,0,0
104,C:/Users/liu68/Documents/computer_vision_tf2/dataset/rabbit_cat_chicken/train/rabbits\rabbits104.jpg,0,0
105,C:/Users/liu68/Documents/computer_vision_tf2/dataset/rabbit_cat_chicken/train/rabbits\rabbits105.jpg,0,0
106,C:/Users/liu68/Documents/computer_vision_tf2/dataset/rabbit_cat_chicken/train/rabbits\rabbits106.jpg,0,0
107,C:/Users/liu68/Documents/computer_vision_tf2/dataset/rabbit_cat_chicken/train/rabbits\rabbits107.jpg,0,0
108,C:/Users/liu68/Documents/computer_vision_tf2/dataset/rabbit_cat_chicken/train/rabbits\rabbits108.jpg,0,0
109,C:/Users/liu68/Documents/computer_vision_tf2/dataset/rabbit_cat_chicken/train/rabbits\rabbits109.jpg,0,0
110,C:/Users/liu68/Documents/computer_vision_tf2/dataset/rabbit_cat_chicken/train/rabbits\rabbits110.jpg,0,0
111,C:/Users/liu68/Documents/computer_vision_tf2/dataset/rabbit_cat_chicken/train/rabbits\rabbits111.jpg,0,0
112,C:/Users/liu68/Documents/computer_vision_tf2/dataset/rabbit_cat_chicken/train/rabbits\rabbits112.jpg,0,0
113,C:/Users/liu68/Documents/computer_vision_tf2/dataset/rabbit_cat_chicken/train/rabbits\rabbits113.jpg,0,0
114,C:/Users/liu68/Documents/computer_vision_tf2/dataset/rabbit_cat_chicken/train/rabbits\rabbits114.jpg,0,0
115,C:/Users/liu68/Documents/computer_vision_tf2/dataset/rabbit_cat_chicken/train/rabbits\rabbits115.jpg,0,0
116,C:/Users/liu68/Documents/computer_vision_tf2/dataset/rabbit_cat_chicken/train/rabbits\rabbits116.jpg,0,0
117,C:/Users/liu68/Documents/computer_vision_tf2/dataset/rabbit_cat_chicken/train/rabbits\rabbits117.jpg,0,0
118,C:/Users/liu68/Documents/computer_vision_tf2/dataset/rabbit_cat_chicken/train/rabbits\rabbits118.jpg,0,0
119,C:/Users/liu68/Documents/computer_vision_tf2/dataset/rabbit_cat_chicken/train/rabbits\rabbits119.jpg,0,0
120,C:/Users/liu68/Documents/computer_vision_tf2/dataset/rabbit_cat_chicken/train/rabbits\rabbits120.jpg,0,0
121,C:/Users/liu68/Documents/computer_vision_tf2/dataset/rabbit_cat_chicken/train/rabbits\rabbits121.jpg,0,0
122,C:/Users/liu68/Documents/computer_vision_tf2/dataset/rabbit_cat_chicken/train/rabbits\rabbits122.jpg,0,0
123,C:/Users/liu68/Documents/computer_vision_tf2/dataset/rabbit_cat_chicken/train/rabbits\rabbits123.jpg,0,0
124,C:/Users/liu68/Documents/computer_vision_tf2/dataset/rabbit_cat_chicken/train/rabbits\rabbits124.jpg,0,0
125,C:/Users/liu68/Documents/computer_vision_tf2/dataset/rabbit_cat_chicken/train/rabbits\rabbits125.jpg,0,0
126,C:/Users/liu68/Documents/computer_vision_tf2/dataset/rabbit_cat_chicken/train/rabbits\rabbits126.jpg,0,0
127,C:/Users/liu68/Documents/computer_vision_tf2/dataset/rabbit_cat_chicken/train/rabbits\rabbits127.jpg,0,0
128,C:/Users/liu68/Documents/computer_vision_tf2/dataset/rabbit_cat_chicken/train/rabbits\rabbits128.jpg,0,0
129,C:/Users/liu68/Documents/computer_vision_tf2/dataset/rabbit_cat_chicken/train/rabbits\rabbits129.jpg,0,0
130,C:/Users/liu68/Documents/computer_vision_tf2/dataset/rabbit_cat_chicken/train/rabbits\rabbits130.jpg,0,0
131,C:/Users/liu68/Documents/computer_vision_tf2/dataset/rabbit_cat_chicken/train/rabbits\rabbits131.jpg,0,0
132,C:/Users/liu68/Documents/computer_vision_tf2/dataset/rabbit_cat_chicken/train/rabbits\rabbits132.jpg,0,0
133,C:/Users/liu68/Documents/computer_vision_tf2/dataset/rabbit_cat_chicken/train/rabbits\rabbits133.jpg,0,0
134,C:/Users/liu68/Documents/computer_vision_tf2/dataset/rabbit_cat_chicken/train/rabbits\rabbits134.jpg,0,0
135,C:/Users/liu68/Documents/computer_vision_tf2/dataset/rabbit_cat_chicken/train/rabbits\rabbits135.jpg,0,0
136,C:/Users/liu68/Documents/computer_vision_tf2/dataset/rabbit_cat_chicken/train/rabbits\rabbits136.jpg,0,0
137,C:/Users/liu68/Documents/computer_vision_tf2/dataset/rabbit_cat_chicken/train/rabbits\rabbits137.jpg,0,0
138,C:/Users/liu68/Documents/computer_vision_tf2/dataset/rabbit_cat_chicken/train/rabbits\rabbits138.jpg,0,0
139,C:/Users/liu68/Documents/computer_vision_tf2/dataset/rabbit_cat_chicken/train/rabbits\rabbits139.jpg,0,0
140,C:/Users/liu68/Documents/computer_vision_tf2/dataset/rabbit_cat_chicken/train/rabbits\rabbits140.jpg,0,0
141,C:/Users/liu68/Documents/computer_vision_tf2/dataset/rabbit_cat_chicken/train/rabbits\rabbits141.jpg,0,0
142,C:/Users/liu68/Documents/computer_vision_tf2/dataset/rabbit_cat_chicken/train/rabbits\rabbits142.jpg,0,0
143,C:/Users/liu68/Documents/computer_vision_tf2/dataset/rabbit_cat_chicken/train/rabbits\rabbits143.jpg,0,0
144,C:/Users/liu68/Documents/computer_vision_tf2/dataset/rabbit_cat_chicken/train/rabbits\rabbits144.jpg,0,0
145,C:/Users/liu68/Documents/computer_vision_tf2/dataset/rabbit_cat_chicken/train/rabbits\rabbits145.jpg,0,0
146,C:/Users/liu68/Documents/computer_vision_tf2/dataset/rabbit_cat_chicken/train/rabbits\rabbits146.jpg,0,0
147,C:/Users/liu68/Documents/computer_vision_tf2/dataset/rabbit_cat_chicken/train/rabbits\rabbits147.jpg,0,0
148,C:/Users/liu68/Documents/computer_vision_tf2/dataset/rabbit_cat_chicken/train/rabbits\rabbits148.jpg,0,0
149,C:/Users/liu68/Documents/computer_vision_tf2/dataset/rabbit_cat_chicken/train/rabbits\rabbits149.jpg,0,0
150,C:/Users/liu68/Documents/computer_vision_tf2/dataset/rabbit_cat_chicken/train/rabbits\rabbits150.jpg,0,0
151,C:/Users/liu68/Documents/computer_vision_tf2/dataset/rabbit_cat_chicken/train/rabbits\rabbits151.jpg,0,0
152,C:/Users/liu68/Documents/computer_vision_tf2/dataset/rabbit_cat_chicken/train/rabbits\rabbits152.jpg,0,0
153,C:/Users/liu68/Documents/computer_vision_tf2/dataset/rabbit_cat_chicken/train/rabbits\rabbits153.jpg,0,0
154,C:/Users/liu68/Documents/computer_vision_tf2/dataset/rabbit_cat_chicken/train/rabbits\rabbits154.jpg,0,0
155,C:/Users/liu68/Documents/computer_vision_tf2/dataset/rabbit_cat_chicken/train/rabbits\rabbits155.jpg,0,0
156,C:/Users/liu68/Documents/computer_vision_tf2/dataset/rabbit_cat_chicken/train/rabbits\rabbits156.jpg,0,0
157,C:/Users/liu68/Documents/computer_vision_tf2/dataset/rabbit_cat_chicken/train/rabbits\rabbits157.jpg,0,0
158,C:/Users/liu68/Documents/computer_vision_tf2/dataset/rabbit_cat_chicken/train/rabbits\rabbits158.jpg,0,0
159,C:/Users/liu68/Documents/computer_vision_tf2/dataset/rabbit_cat_chicken/train/rabbits\rabbits159.jpg,0,0
160,C:/Users/liu68/Documents/computer_vision_tf2/dataset/rabbit_cat_chicken/train/rabbits\rabbits160.jpg,0,0
161,C:/Users/liu68/Documents/computer_vision_tf2/dataset/rabbit_cat_chicken/train/rabbits\rabbits161.jpg,0,0
162,C:/Users/liu68/Documents/computer_vision_tf2/dataset/rabbit_cat_chicken/train/rabbits\rabbits162.jpg,0,0
163,C:/Users/liu68/Documents/computer_vision_tf2/dataset/rabbit_cat_chicken/train/rabbits\rabbits163.jpg,0,0
164,C:/Users/liu68/Documents/computer_vision_tf2/dataset/rabbit_cat_chicken/train/rabbits\rabbits164.jpg,0,0
165,C:/Users/liu68/Documents/computer_vision_tf2/dataset/rabbit_cat_chicken/train/rabbits\rabbits165.jpg,0,0
166,C:/Users/liu68/Documents/computer_vision_tf2/dataset/rabbit_cat_chicken/train/rabbits\rabbits166.jpg,0,0
167,C:/Users/liu68/Documents/computer_vision_tf2/dataset/rabbit_cat_chicken/train/rabbits\rabbits167.jpg,0,0
168,C:/Users/liu68/Documents/computer_vision_tf2/dataset/rabbit_cat_chicken/train/rabbits\rabbits168.jpg,0,0
169,C:/Users/liu68/Documents/computer_vision_tf2/dataset/rabbit_cat_chicken/train/rabbits\rabbits169.jpg,0,0
170,C:/Users/liu68/Documents/computer_vision_tf2/dataset/rabbit_cat_chicken/train/rabbits\rabbits170.jpg,0,0
171,C:/Users/liu68/Documents/computer_vision_tf2/dataset/rabbit_cat_chicken/train/rabbits\rabbits171.jpg,0,0
172,C:/Users/liu68/Documents/computer_vision_tf2/dataset/rabbit_cat_chicken/train/rabbits\rabbits172.jpg,0,0
173,C:/Users/liu68/Documents/computer_vision_tf2/dataset/rabbit_cat_chicken/train/rabbits\rabbits173.jpg,0,0
174,C:/Users/liu68/Documents/computer_vision_tf2/dataset/rabbit_cat_chicken/train/rabbits\rabbits174.jpg,0,0
175,C:/Users/liu68/Documents/computer_vision_tf2/dataset/rabbit_cat_chicken/train/rabbits\rabbits175.jpg,0,0
176,C:/Users/liu68/Documents/computer_vision_tf2/dataset/rabbit_cat_chicken/train/rabbits\rabbits176.jpg,0,0
177,C:/Users/liu68/Documents/computer_vision_tf2/dataset/rabbit_cat_chicken/train/rabbits\rabbits177.jpg,0,0
178,C:/Users/liu68/Documents/computer_vision_tf2/dataset/rabbit_cat_chicken/train/rabbits\rabbits178.jpg,0,0
179,C:/Users/liu68/Documents/computer_vision_tf2/dataset/rabbit_cat_chicken/train/rabbits\rabbits179.jpg,0,0
180,C:/Users/liu68/Documents/computer_vision_tf2/dataset/rabbit_cat_chicken/train/rabbits\rabbits180.jpg,0,0
181,C:/Users/liu68/Documents/computer_vision_tf2/dataset/rabbit_cat_chicken/train/rabbits\rabbits181.jpg,0,0
182,C:/Users/liu68/Documents/computer_vision_tf2/dataset/rabbit_cat_chicken/train/rabbits\rabbits182.jpg,0,0
183,C:/Users/liu68/Documents/computer_vision_tf2/dataset/rabbit_cat_chicken/train/rabbits\rabbits183.jpg,0,0
184,C:/Users/liu68/Documents/computer_vision_tf2/dataset/rabbit_cat_chicken/train/rabbits\rabbits184.jpg,0,0
185,C:/Users/liu68/Documents/computer_vision_tf2/dataset/rabbit_cat_chicken/train/rabbits\rabbits185.jpg,0,0
186,C:/Users/liu68/Documents/computer_vision_tf2/dataset/rabbit_cat_chicken/train/rabbits\rabbits186.jpg,0,0
187,C:/Users/liu68/Documents/computer_vision_tf2/dataset/rabbit_cat_chicken/train/rabbits\rabbits187.jpg,0,0
188,C:/Users/liu68/Documents/computer_vision_tf2/dataset/rabbit_cat_chicken/train/rabbits\rabbits188.jpg,0,0
189,C:/Users/liu68/Documents/computer_vision_tf2/dataset/rabbit_cat_chicken/train/rabbits\rabbits189.jpg,0,0
190,C:/Users/liu68/Documents/computer_vision_tf2/dataset/rabbit_cat_chicken/train/rabbits\rabbits190.jpg,0,0
191,C:/Users/liu68/Documents/computer_vision_tf2/dataset/rabbit_cat_chicken/train/rabbits\rabbits191.jpg,0,0
192,C:/Users/liu68/Documents/computer_vision_tf2/dataset/rabbit_cat_chicken/train/rabbits\rabbits192.jpg,0,0
193,C:/Users/liu68/Documents/computer_vision_tf2/dataset/rabbit_cat_chicken/train/rabbits\rabbits193.jpg,0,0
194,C:/Users/liu68/Documents/computer_vision_tf2/dataset/rabbit_cat_chicken/train/rabbits\rabbits194.jpg,0,0
195,C:/Users/liu68/Documents/computer_vision_tf2/dataset/rabbit_cat_chicken/train/rabbits\rabbits195.jpg,0,0
196,C:/Users/liu68/Documents/computer_vision_tf2/dataset/rabbit_cat_chicken/train/rabbits\rabbits196.jpg,0,0
197,C:/Users/liu68/Documents/computer_vision_tf2/dataset/rabbit_cat_chicken/train/rabbits\rabbits197.jpg,0,0
198,C:/Users/liu68/Documents/computer_vision_tf2/dataset/rabbit_cat_chicken/train/rabbits\rabbits198.jpg,0,0
199,C:/Users/liu68/Documents/computer_vision_tf2/dataset/rabbit_cat_chicken/train/rabbits\rabbits199.jpg,0,0
200,C:/Users/liu68/Documents/computer_vision_tf2/dataset/rabbit_cat_chicken/train/rabbits\rabbits200.jpg,0,0
201,C:/Users/liu68/Documents/computer_vision_tf2/dataset/rabbit_cat_chicken/train/rabbits\rabbits201.jpg,0,0
202,C:/Users/liu68/Documents/computer_vision_tf2/dataset/rabbit_cat_chicken/train/rabbits\rabbits202.jpg,0,0
203,C:/Users/liu68/Documents/computer_vision_tf2/dataset/rabbit_cat_chicken/train/rabbits\rabbits203.jpg,0,0
204,C:/Users/liu68/Documents/computer_vision_tf2/dataset/rabbit_cat_chicken/train/rabbits\rabbits204.jpg,0,0
205,C:/Users/liu68/Documents/computer_vision_tf2/dataset/rabbit_cat_chicken/train/rabbits\rabbits205.jpg,0,0
206,C:/Users/liu68/Documents/computer_vision_tf2/dataset/rabbit_cat_chicken/train/rabbits\rabbits206.jpg,0,0
207,C:/Users/liu68/Documents/computer_vision_tf2/dataset/rabbit_cat_chicken/train/rabbits\rabbits207.jpg,0,0
208,C:/Users/liu68/Documents/computer_vision_tf2/dataset/rabbit_cat_chicken/train/rabbits\rabbits208.jpg,0,0
209,C:/Users/liu68/Documents/computer_vision_tf2/dataset/rabbit_cat_chicken/train/rabbits\rabbits209.jpg,0,0
210,C:/Users/liu68/Documents/computer_vision_tf2/dataset/rabbit_cat_chicken/train/rabbits\rabbits210.jpg,0,0
211,C:/Users/liu68/Documents/computer_vision_tf2/dataset/rabbit_cat_chicken/train/rabbits\rabbits211.jpg,0,0
212,C:/Users/liu68/Documents/computer_vision_tf2/dataset/rabbit_cat_chicken/train/rabbits\rabbits212.jpg,0,0
213,C:/Users/liu68/Documents/computer_vision_tf2/dataset/rabbit_cat_chicken/train/rabbits\rabbits213.jpg,0,0
214,C:/Users/liu68/Documents/computer_vision_tf2/dataset/rabbit_cat_chicken/train/rabbits\rabbits214.jpg,0,0
215,C:/Users/liu68/Documents/computer_vision_tf2/dataset/rabbit_cat_chicken/train/rabbits\rabbits215.jpg,0,0
216,C:/Users/liu68/Documents/computer_vision_tf2/dataset/rabbit_cat_chicken/train/rabbits\rabbits216.jpg,0,0
217,C:/Users/liu68/Documents/computer_vision_tf2/dataset/rabbit_cat_chicken/train/rabbits\rabbits217.jpg,0,0
218,C:/Users/liu68/Documents/computer_vision_tf2/dataset/rabbit_cat_chicken/train/rabbits\rabbits218.jpg,0,0
219,C:/Users/liu68/Documents/computer_vision_tf2/dataset/rabbit_cat_chicken/train/rabbits\rabbits219.jpg,0,0
220,C:/Users/liu68/Documents/computer_vision_tf2/dataset/rabbit_cat_chicken/train/rabbits\rabbits220.jpg,0,0
221,C:/Users/liu68/Documents/computer_vision_tf2/dataset/rabbit_cat_chicken/train/rabbits\rabbits221.jpg,0,0
222,C:/Users/liu68/Documents/computer_vision_tf2/dataset/rabbit_cat_chicken/train/rabbits\rabbits222.jpg,0,0
223,C:/Users/liu68/Documents/computer_vision_tf2/dataset/rabbit_cat_chicken/train/rabbits\rabbits223.jpg,0,0
224,C:/Users/liu68/Documents/computer_vision_tf2/dataset/rabbit_cat_chicken/train/rabbits\rabbits224.jpg,0,0
225,C:/Users/liu68/Documents/computer_vision_tf2/dataset/rabbit_cat_chicken/train/rabbits\rabbits225.jpg,0,0
226,C:/Users/liu68/Documents/computer_vision_tf2/dataset/rabbit_cat_chicken/train/rabbits\rabbits226.jpg,0,0
227,C:/Users/liu68/Documents/computer_vision_tf2/dataset/rabbit_cat_chicken/train/rabbits\rabbits227.jpg,0,0
228,C:/Users/liu68/Documents/computer_vision_tf2/dataset/rabbit_cat_chicken/train/rabbits\rabbits228.jpg,0,0
229,C:/Users/liu68/Documents/computer_vision_tf2/dataset/rabbit_cat_chicken/train/rabbits\rabbits229.jpg,0,0
230,C:/Users/liu68/Documents/computer_vision_tf2/dataset/rabbit_cat_chicken/train/rabbits\rabbits230.jpg,0,0
231,C:/Users/liu68/Documents/computer_vision_tf2/dataset/rabbit_cat_chicken/train/rabbits\rabbits231.jpg,0,0
232,C:/Users/liu68/Documents/computer_vision_tf2/dataset/rabbit_cat_chicken/train/rabbits\rabbits232.jpg,0,0
233,C:/Users/liu68/Documents/computer_vision_tf2/dataset/rabbit_cat_chicken/train/rabbits\rabbits233.jpg,0,0
234,C:/Users/liu68/Documents/computer_vision_tf2/dataset/rabbit_cat_chicken/train/rabbits\rabbits234.jpg,0,0
235,C:/Users/liu68/Documents/computer_vision_tf2/dataset/rabbit_cat_chicken/train/rabbits\rabbits235.jpg,0,0
236,C:/Users/liu68/Documents/computer_vision_tf2/dataset/rabbit_cat_chicken/train/rabbits\rabbits236.jpg,0,0
237,C:/Users/liu68/Documents/computer_vision_tf2/dataset/rabbit_cat_chicken/train/rabbits\rabbits237.jpg,0,0
238,C:/Users/liu68/Documents/computer_vision_tf2/dataset/rabbit_cat_chicken/train/rabbits\rabbits238.jpg,0,0
239,C:/Users/liu68/Documents/computer_vision_tf2/dataset/rabbit_cat_chicken/train/rabbits\rabbits239.jpg,0,0
240,C:/Users/liu68/Documents/computer_vision_tf2/dataset/rabbit_cat_chicken/train/rabbits\rabbits240.jpg,0,0
241,C:/Users/liu68/Documents/computer_vision_tf2/dataset/rabbit_cat_chicken/train/rabbits\rabbits241.jpg,0,0
242,C:/Users/liu68/Documents/computer_vision_tf2/dataset/rabbit_cat_chicken/train/rabbits\rabbits242.jpg,0,0
243,C:/Users/liu68/Documents/computer_vision_tf2/dataset/rabbit_cat_chicken/train/rabbits\rabbits243.jpg,0,0
244,C:/Users/liu68/Documents/computer_vision_tf2/dataset/rabbit_cat_chicken/train/rabbits\rabbits244.jpg,0,0
245,C:/Users/liu68/Documents/computer_vision_tf2/dataset/rabbit_cat_chicken/train/rabbits\rabbits245.jpg,0,0
246,C:/Users/liu68/Documents/computer_vision_tf2/dataset/rabbit_cat_chicken/train/rabbits\rabbits246.jpg,0,0
247,C:/Users/liu68/Documents/computer_vision_tf2/dataset/rabbit_cat_chicken/train/rabbits\rabbits247.jpg,0,0
248,C:/Users/liu68/Documents/computer_vision_tf2/dataset/rabbit_cat_chicken/train/rabbits\rabbits248.jpg,0,0
249,C:/Users/liu68/Documents/computer_vision_tf2/dataset/rabbit_cat_chicken/train/rabbits\rabbits249.jpg,0,0
250,C:/Users/liu68/Documents/computer_vision_tf2/dataset/rabbit_cat_chicken/train/rabbits\rabbits250.jpg,0,0
251,C:/Users/liu68/Documents/computer_vision_tf2/dataset/rabbit_cat_chicken/train/rabbits\rabbits251.jpg,0,0
252,C:/Users/liu68/Documents/computer_vision_tf2/dataset/rabbit_cat_chicken/train/rabbits\rabbits252.jpg,0,0
253,C:/Users/liu68/Documents/computer_vision_tf2/dataset/rabbit_cat_chicken/train/rabbits\rabbits253.jpg,0,0
254,C:/Users/liu68/Documents/computer_vision_tf2/dataset/rabbit_cat_chicken/train/rabbits\rabbits254.jpg,0,0
255,C:/Users/liu68/Documents/computer_vision_tf2/dataset/rabbit_cat_chicken/train/rabbits\rabbits255.jpg,0,0
256,C:/Users/liu68/Documents/computer_vision_tf2/dataset/rabbit_cat_chicken/train/rabbits\rabbits256.jpg,0,0
257,C:/Users/liu68/Documents/computer_vision_tf2/dataset/rabbit_cat_chicken/train/rabbits\rabbits257.jpg,0,0
258,C:/Users/liu68/Documents/computer_vision_tf2/dataset/rabbit_cat_chicken/train/rabbits\rabbits258.jpg,0,0
259,C:/Users/liu68/Documents/computer_vision_tf2/dataset/rabbit_cat_chicken/train/rabbits\rabbits259.jpg,0,0
260,C:/Users/liu68/Documents/computer_vision_tf2/dataset/rabbit_cat_chicken/train/rabbits\rabbits260.jpg,0,0
261,C:/Users/liu68/Documents/computer_vision_tf2/dataset/rabbit_cat_chicken/train/rabbits\rabbits261.jpg,0,0
262,C:/Users/liu68/Documents/computer_vision_tf2/dataset/rabbit_cat_chicken/train/rabbits\rabbits262.jpg,0,0
263,C:/Users/liu68/Documents/computer_vision_tf2/dataset/rabbit_cat_chicken/train/rabbits\rabbits263.jpg,0,0
264,C:/Users/liu68/Documents/computer_vision_tf2/dataset/rabbit_cat_chicken/train/rabbits\rabbits264.jpg,0,0
265,C:/Users/liu68/Documents/computer_vision_tf2/dataset/rabbit_cat_chicken/train/rabbits\rabbits265.jpg,0,0
266,C:/Users/liu68/Documents/computer_vision_tf2/dataset/rabbit_cat_chicken/train/rabbits\rabbits266.jpg,0,0
267,C:/Users/liu68/Documents/computer_vision_tf2/dataset/rabbit_cat_chicken/train/rabbits\rabbits267.jpg,0,0
268,C:/Users/liu68/Documents/computer_vision_tf2/dataset/rabbit_cat_chicken/train/rabbits\rabbits268.jpg,0,0
269,C:/Users/liu68/Documents/computer_vision_tf2/dataset/rabbit_cat_chicken/train/rabbits\rabbits269.jpg,0,0
270,C:/Users/liu68/Documents/computer_vision_tf2/dataset/rabbit_cat_chicken/train/rabbits\rabbits270.jpg,0,0
271,C:/Users/liu68/Documents/computer_vision_tf2/dataset/rabbit_cat_chicken/train/rabbits\rabbits271.jpg,0,0
272,C:/Users/liu68/Documents/computer_vision_tf2/dataset/rabbit_cat_chicken/train/rabbits\rabbits272.jpg,0,0
273,C:/Users/liu68/Documents/computer_vision_tf2/dataset/rabbit_cat_chicken/train/rabbits\rabbits273.jpg,0,0
274,C:/Users/liu68/Documents/computer_vision_tf2/dataset/rabbit_cat_chicken/train/rabbits\rabbits274.jpg,0,0
275,C:/Users/liu68/Documents/computer_vision_tf2/dataset/rabbit_cat_chicken/train/rabbits\rabbits275.jpg,0,0
276,C:/Users/liu68/Documents/computer_vision_tf2/dataset/rabbit_cat_chicken/train/rabbits\rabbits276.jpg,0,0
277,C:/Users/liu68/Documents/computer_vision_tf2/dataset/rabbit_cat_chicken/train/rabbits\rabbits277.jpg,0,0
278,C:/Users/liu68/Documents/computer_vision_tf2/dataset/rabbit_cat_chicken/train/rabbits\rabbits278.jpg,0,0
279,C:/Users/liu68/Documents/computer_vision_tf2/dataset/rabbit_cat_chicken/train/rabbits\rabbits279.jpg,0,0
280,C:/Users/liu68/Documents/computer_vision_tf2/dataset/rabbit_cat_chicken/train/rabbits\rabbits280.jpg,0,0
281,C:/Users/liu68/Documents/computer_vision_tf2/dataset/rabbit_cat_chicken/train/rabbits\rabbits281.jpg,0,0
282,C:/Users/liu68/Documents/computer_vision_tf2/dataset/rabbit_cat_chicken/train/rabbits\rabbits282.jpg,0,0
283,C:/Users/liu68/Documents/computer_vision_tf2/dataset/rabbit_cat_chicken/train/rabbits\rabbits283.jpg,0,0
284,C:/Users/liu68/Documents/computer_vision_tf2/dataset/rabbit_cat_chicken/train/rabbits\rabbits284.jpg,0,0
285,C:/Users/liu68/Documents/computer_vision_tf2/dataset/rabbit_cat_chicken/train/rabbits\rabbits285.jpg,0,0
286,C:/Users/liu68/Documents/computer_vision_tf2/dataset/rabbit_cat_chicken/train/rabbits\rabbits286.jpg,0,0
287,C:/Users/liu68/Documents/computer_vision_tf2/dataset/rabbit_cat_chicken/train/rabbits\rabbits287.jpg,0,0
288,C:/Users/liu68/Documents/computer_vision_tf2/dataset/rabbit_cat_chicken/train/rabbits\rabbits288.jpg,0,0
289,C:/Users/liu68/Documents/computer_vision_tf2/dataset/rabbit_cat_chicken/train/rabbits\rabbits289.jpg,0,0
290,C:/Users/liu68/Documents/computer_vision_tf2/dataset/rabbit_cat_chicken/train/rabbits\rabbits290.jpg,0,0
291,C:/Users/liu68/Documents/computer_vision_tf2/dataset/rabbit_cat_chicken/train/rabbits\rabbits291.jpg,0,0
292,C:/Users/liu68/Documents/computer_vision_tf2/dataset/rabbit_cat_chicken/train/rabbits\rabbits292.jpg,0,0
293,C:/Users/liu68/Documents/computer_vision_tf2/dataset/rabbit_cat_chicken/train/rabbits\rabbits293.jpg,0,0
294,C:/Users/liu68/Documents/computer_vision_tf2/dataset/rabbit_cat_chicken/train/rabbits\rabbits294.jpg,0,0
295,C:/Users/liu68/Documents/computer_vision_tf2/dataset/rabbit_cat_chicken/train/rabbits\rabbits295.jpg,0,0
296,C:/Users/liu68/Documents/computer_vision_tf2/dataset/rabbit_cat_chicken/train/rabbits\rabbits296.jpg,0,0
297,C:/Users/liu68/Documents/computer_vision_tf2/dataset/rabbit_cat_chicken/train/rabbits\rabbits297.jpg,0,0
298,C:/Users/liu68/Documents/computer_vision_tf2/dataset/rabbit_cat_chicken/train/rabbits\rabbits298.jpg,0,0
299,C:/Users/liu68/Documents/computer_vision_tf2/dataset/rabbit_cat_chicken/train/rabbits\rabbits299.jpg,0,0
300,C:/Users/liu68/Documents/computer_vision_tf2/dataset/rabbit_cat_chicken/train/rabbits\rabbits300.jpg,0,0
301,C:/Users/liu68/Documents/computer_vision_tf2/dataset/rabbit_cat_chicken/train/rabbits\rabbits301.jpg,0,0
302,C:/Users/liu68/Documents/computer_vision_tf2/dataset/rabbit_cat_chicken/train/rabbits\rabbits302.jpg,0,0
303,C:/Users/liu68/Documents/computer_vision_tf2/dataset/rabbit_cat_chicken/train/rabbits\rabbits303.jpg,0,0
304,C:/Users/liu68/Documents/computer_vision_tf2/dataset/rabbit_cat_chicken/train/rabbits\rabbits304.jpg,0,0
305,C:/Users/liu68/Documents/computer_vision_tf2/dataset/rabbit_cat_chicken/train/rabbits\rabbits305.jpg,0,0
306,C:/Users/liu68/Documents/computer_vision_tf2/dataset/rabbit_cat_chicken/train/rabbits\rabbits306.jpg,0,0
307,C:/Users/liu68/Documents/computer_vision_tf2/dataset/rabbit_cat_chicken/train/rabbits\rabbits307.jpg,0,0
308,C:/Users/liu68/Documents/computer_vision_tf2/dataset/rabbit_cat_chicken/train/rabbits\rabbits308.jpg,0,0
309,C:/Users/liu68/Documents/computer_vision_tf2/dataset/rabbit_cat_chicken/train/rabbits\rabbits309.jpg,0,0
310,C:/Users/liu68/Documents/computer_vision_tf2/dataset/rabbit_cat_chicken/train/rats\rats000.jpg,0,1
311,C:/Users/liu68/Documents/computer_vision_tf2/dataset/rabbit_cat_chicken/train/rats\rats001.jpg,0,1
312,C:/Users/liu68/Documents/computer_vision_tf2/dataset/rabbit_cat_chicken/train/rats\rats002.jpg,0,1
313,C:/Users/liu68/Documents/computer_vision_tf2/dataset/rabbit_cat_chicken/train/rats\rats003.jpg,0,1
314,C:/Users/liu68/Documents/computer_vision_tf2/dataset/rabbit_cat_chicken/train/rats\rats004.jpg,0,1
315,C:/Users/liu68/Documents/computer_vision_tf2/dataset/rabbit_cat_chicken/train/rats\rats005.jpg,0,1
316,C:/Users/liu68/Documents/computer_vision_tf2/dataset/rabbit_cat_chicken/train/rats\rats006.jpg,0,1
317,C:/Users/liu68/Documents/computer_vision_tf2/dataset/rabbit_cat_chicken/train/rats\rats007.jpg,0,1
318,C:/Users/liu68/Documents/computer_vision_tf2/dataset/rabbit_cat_chicken/train/rats\rats008.jpg,0,1
319,C:/Users/liu68/Documents/computer_vision_tf2/dataset/rabbit_cat_chicken/train/rats\rats009.jpg,0,1
320,C:/Users/liu68/Documents/computer_vision_tf2/dataset/rabbit_cat_chicken/train/rats\rats010.jpg,0,1
321,C:/Users/liu68/Documents/computer_vision_tf2/dataset/rabbit_cat_chicken/train/rats\rats011.jpg,0,1
322,C:/Users/liu68/Documents/computer_vision_tf2/dataset/rabbit_cat_chicken/train/rats\rats012.jpg,0,1
323,C:/Users/liu68/Documents/computer_vision_tf2/dataset/rabbit_cat_chicken/train/rats\rats013.jpg,0,1
324,C:/Users/liu68/Documents/computer_vision_tf2/dataset/rabbit_cat_chicken/train/rats\rats014.jpg,0,1
325,C:/Users/liu68/Documents/computer_vision_tf2/dataset/rabbit_cat_chicken/train/rats\rats015.jpg,0,1
326,C:/Users/liu68/Documents/computer_vision_tf2/dataset/rabbit_cat_chicken/train/rats\rats016.jpg,0,1
327,C:/Users/liu68/Documents/computer_vision_tf2/dataset/rabbit_cat_chicken/train/rats\rats017.jpg,0,1
328,C:/Users/liu68/Documents/computer_vision_tf2/dataset/rabbit_cat_chicken/train/rats\rats018.jpg,0,1
329,C:/Users/liu68/Documents/computer_vision_tf2/dataset/rabbit_cat_chicken/train/rats\rats019.jpg,0,1
330,C:/Users/liu68/Documents/computer_vision_tf2/dataset/rabbit_cat_chicken/train/rats\rats020.jpg,0,1
331,C:/Users/liu68/Documents/computer_vision_tf2/dataset/rabbit_cat_chicken/train/rats\rats021.jpg,0,1
332,C:/Users/liu68/Documents/computer_vision_tf2/dataset/rabbit_cat_chicken/train/rats\rats022.jpg,0,1
333,C:/Users/liu68/Documents/computer_vision_tf2/dataset/rabbit_cat_chicken/train/rats\rats023.jpg,0,1
334,C:/Users/liu68/Documents/computer_vision_tf2/dataset/rabbit_cat_chicken/train/rats\rats024.jpg,0,1
335,C:/Users/liu68/Documents/computer_vision_tf2/dataset/rabbit_cat_chicken/train/rats\rats025.jpg,0,1
336,C:/Users/liu68/Documents/computer_vision_tf2/dataset/rabbit_cat_chicken/train/rats\rats026.jpg,0,1
337,C:/Users/liu68/Documents/computer_vision_tf2/dataset/rabbit_cat_chicken/train/rats\rats027.jpg,0,1
338,C:/Users/liu68/Documents/computer_vision_tf2/dataset/rabbit_cat_chicken/train/rats\rats028.jpg,0,1
339,C:/Users/liu68/Documents/computer_vision_tf2/dataset/rabbit_cat_chicken/train/rats\rats029.jpg,0,1
340,C:/Users/liu68/Documents/computer_vision_tf2/dataset/rabbit_cat_chicken/train/rats\rats030.jpg,0,1
341,C:/Users/liu68/Documents/computer_vision_tf2/dataset/rabbit_cat_chicken/train/rats\rats031.jpg,0,1
342,C:/Users/liu68/Documents/computer_vision_tf2/dataset/rabbit_cat_chicken/train/rats\rats032.jpg,0,1
343,C:/Users/liu68/Documents/computer_vision_tf2/dataset/rabbit_cat_chicken/train/rats\rats033.jpg,0,1
344,C:/Users/liu68/Documents/computer_vision_tf2/dataset/rabbit_cat_chicken/train/rats\rats034.jpg,0,1
345,C:/Users/liu68/Documents/computer_vision_tf2/dataset/rabbit_cat_chicken/train/rats\rats035.jpg,0,1
346,C:/Users/liu68/Documents/computer_vision_tf2/dataset/rabbit_cat_chicken/train/rats\rats036.jpg,0,1
347,C:/Users/liu68/Documents/computer_vision_tf2/dataset/rabbit_cat_chicken/train/rats\rats037.jpg,0,1
348,C:/Users/liu68/Documents/computer_vision_tf2/dataset/rabbit_cat_chicken/train/rats\rats038.jpg,0,1
349,C:/Users/liu68/Documents/computer_vision_tf2/dataset/rabbit_cat_chicken/train/rats\rats039.jpg,0,1
350,C:/Users/liu68/Documents/computer_vision_tf2/dataset/rabbit_cat_chicken/train/rats\rats040.jpg,0,1
351,C:/Users/liu68/Documents/computer_vision_tf2/dataset/rabbit_cat_chicken/train/rats\rats041.jpg,0,1
352,C:/Users/liu68/Documents/computer_vision_tf2/dataset/rabbit_cat_chicken/train/rats\rats042.jpg,0,1
353,C:/Users/liu68/Documents/computer_vision_tf2/dataset/rabbit_cat_chicken/train/rats\rats043.jpg,0,1
354,C:/Users/liu68/Documents/computer_vision_tf2/dataset/rabbit_cat_chicken/train/rats\rats044.jpg,0,1
355,C:/Users/liu68/Documents/computer_vision_tf2/dataset/rabbit_cat_chicken/train/rats\rats045.jpg,0,1
356,C:/Users/liu68/Documents/computer_vision_tf2/dataset/rabbit_cat_chicken/train/rats\rats046.jpg,0,1
357,C:/Users/liu68/Documents/computer_vision_tf2/dataset/rabbit_cat_chicken/train/rats\rats047.jpg,0,1
358,C:/Users/liu68/Documents/computer_vision_tf2/dataset/rabbit_cat_chicken/train/rats\rats048.jpg,0,1
359,C:/Users/liu68/Documents/computer_vision_tf2/dataset/rabbit_cat_chicken/train/rats\rats049.jpg,0,1
360,C:/Users/liu68/Documents/computer_vision_tf2/dataset/rabbit_cat_chicken/train/rats\rats050.jpg,0,1
361,C:/Users/liu68/Documents/computer_vision_tf2/dataset/rabbit_cat_chicken/train/rats\rats051.jpg,0,1
362,C:/Users/liu68/Documents/computer_vision_tf2/dataset/rabbit_cat_chicken/train/rats\rats052.jpg,0,1
363,C:/Users/liu68/Documents/computer_vision_tf2/dataset/rabbit_cat_chicken/train/rats\rats053.jpg,0,1
364,C:/Users/liu68/Documents/computer_vision_tf2/dataset/rabbit_cat_chicken/train/rats\rats054.jpg,0,1
365,C:/Users/liu68/Documents/computer_vision_tf2/dataset/rabbit_cat_chicken/train/rats\rats055.jpg,0,1
366,C:/Users/liu68/Documents/computer_vision_tf2/dataset/rabbit_cat_chicken/train/rats\rats056.jpg,0,1
367,C:/Users/liu68/Documents/computer_vision_tf2/dataset/rabbit_cat_chicken/train/rats\rats057.jpg,0,1
368,C:/Users/liu68/Documents/computer_vision_tf2/dataset/rabbit_cat_chicken/train/rats\rats058.jpg,0,1
369,C:/Users/liu68/Documents/computer_vision_tf2/dataset/rabbit_cat_chicken/train/rats\rats059.jpg,0,1
370,C:/Users/liu68/Documents/computer_vision_tf2/dataset/rabbit_cat_chicken/train/rats\rats060.jpg,0,1
371,C:/Users/liu68/Documents/computer_vision_tf2/dataset/rabbit_cat_chicken/train/rats\rats061.jpg,0,1
372,C:/Users/liu68/Documents/computer_vision_tf2/dataset/rabbit_cat_chicken/train/rats\rats062.jpg,0,1
373,C:/Users/liu68/Documents/computer_vision_tf2/dataset/rabbit_cat_chicken/train/rats\rats063.jpg,0,1
374,C:/Users/liu68/Documents/computer_vision_tf2/dataset/rabbit_cat_chicken/train/rats\rats064.jpg,0,1
375,C:/Users/liu68/Documents/computer_vision_tf2/dataset/rabbit_cat_chicken/train/rats\rats065.jpg,0,1
376,C:/Users/liu68/Documents/computer_vision_tf2/dataset/rabbit_cat_chicken/train/rats\rats066.jpg,0,1
377,C:/Users/liu68/Documents/computer_vision_tf2/dataset/rabbit_cat_chicken/train/rats\rats067.jpg,0,1
378,C:/Users/liu68/Documents/computer_vision_tf2/dataset/rabbit_cat_chicken/train/rats\rats068.jpg,0,1
379,C:/Users/liu68/Documents/computer_vision_tf2/dataset/rabbit_cat_chicken/train/rats\rats069.jpg,0,1
380,C:/Users/liu68/Documents/computer_vision_tf2/dataset/rabbit_cat_chicken/train/rats\rats070.jpg,0,1
381,C:/Users/liu68/Documents/computer_vision_tf2/dataset/rabbit_cat_chicken/train/rats\rats071.jpg,0,1
382,C:/Users/liu68/Documents/computer_vision_tf2/dataset/rabbit_cat_chicken/train/rats\rats072.jpg,0,1
383,C:/Users/liu68/Documents/computer_vision_tf2/dataset/rabbit_cat_chicken/train/rats\rats073.jpg,0,1
384,C:/Users/liu68/Documents/computer_vision_tf2/dataset/rabbit_cat_chicken/train/rats\rats074.jpg,0,1
385,C:/Users/liu68/Documents/computer_vision_tf2/dataset/rabbit_cat_chicken/train/rats\rats075.jpg,0,1
386,C:/Users/liu68/Documents/computer_vision_tf2/dataset/rabbit_cat_chicken/train/rats\rats076.jpg,0,1
387,C:/Users/liu68/Documents/computer_vision_tf2/dataset/rabbit_cat_chicken/train/rats\rats077.jpg,0,1
388,C:/Users/liu68/Documents/computer_vision_tf2/dataset/rabbit_cat_chicken/train/rats\rats078.jpg,0,1
389,C:/Users/liu68/Documents/computer_vision_tf2/dataset/rabbit_cat_chicken/train/rats\rats079.jpg,0,1
390,C:/Users/liu68/Documents/computer_vision_tf2/dataset/rabbit_cat_chicken/train/rats\rats080.jpg,0,1
391,C:/Users/liu68/Documents/computer_vision_tf2/dataset/rabbit_cat_chicken/train/rats\rats081.jpg,0,1
392,C:/Users/liu68/Documents/computer_vision_tf2/dataset/rabbit_cat_chicken/train/rats\rats082.jpg,0,1
393,C:/Users/liu68/Documents/computer_vision_tf2/dataset/rabbit_cat_chicken/train/rats\rats083.jpg,0,1
394,C:/Users/liu68/Documents/computer_vision_tf2/dataset/rabbit_cat_chicken/train/rats\rats084.jpg,0,1
395,C:/Users/liu68/Documents/computer_vision_tf2/dataset/rabbit_cat_chicken/train/rats\rats085.jpg,0,1
396,C:/Users/liu68/Documents/computer_vision_tf2/dataset/rabbit_cat_chicken/train/rats\rats086.jpg,0,1
397,C:/Users/liu68/Documents/computer_vision_tf2/dataset/rabbit_cat_chicken/train/rats\rats087.jpg,0,1
398,C:/Users/liu68/Documents/computer_vision_tf2/dataset/rabbit_cat_chicken/train/rats\rats088.jpg,0,1
399,C:/Users/liu68/Documents/computer_vision_tf2/dataset/rabbit_cat_chicken/train/rats\rats089.jpg,0,1
400,C:/Users/liu68/Documents/computer_vision_tf2/dataset/rabbit_cat_chicken/train/rats\rats090.jpg,0,1
401,C:/Users/liu68/Documents/computer_vision_tf2/dataset/rabbit_cat_chicken/train/rats\rats091.jpg,0,1
402,C:/Users/liu68/Documents/computer_vision_tf2/dataset/rabbit_cat_chicken/train/rats\rats092.jpg,0,1
403,C:/Users/liu68/Documents/computer_vision_tf2/dataset/rabbit_cat_chicken/train/rats\rats093.jpg,0,1
404,C:/Users/liu68/Documents/computer_vision_tf2/dataset/rabbit_cat_chicken/train/rats\rats094.jpg,0,1
405,C:/Users/liu68/Documents/computer_vision_tf2/dataset/rabbit_cat_chicken/train/rats\rats095.jpg,0,1
406,C:/Users/liu68/Documents/computer_vision_tf2/dataset/rabbit_cat_chicken/train/rats\rats096.jpg,0,1
407,C:/Users/liu68/Documents/computer_vision_tf2/dataset/rabbit_cat_chicken/train/rats\rats097.jpg,0,1
408,C:/Users/liu68/Documents/computer_vision_tf2/dataset/rabbit_cat_chicken/train/rats\rats098.jpg,0,1
409,C:/Users/liu68/Documents/computer_vision_tf2/dataset/rabbit_cat_chicken/train/rats\rats099.jpg,0,1
410,C:/Users/liu68/Documents/computer_vision_tf2/dataset/rabbit_cat_chicken/train/rats\rats100.jpg,0,1
411,C:/Users/liu68/Documents/computer_vision_tf2/dataset/rabbit_cat_chicken/train/rats\rats101.jpg,0,1
412,C:/Users/liu68/Documents/computer_vision_tf2/dataset/rabbit_cat_chicken/train/rats\rats102.jpg,0,1
413,C:/Users/liu68/Documents/computer_vision_tf2/dataset/rabbit_cat_chicken/train/rats\rats103.jpg,0,1
414,C:/Users/liu68/Documents/computer_vision_tf2/dataset/rabbit_cat_chicken/train/rats\rats104.jpg,0,1
415,C:/Users/liu68/Documents/computer_vision_tf2/dataset/rabbit_cat_chicken/train/rats\rats105.jpg,0,1
416,C:/Users/liu68/Documents/computer_vision_tf2/dataset/rabbit_cat_chicken/train/rats\rats106.jpg,0,1
417,C:/Users/liu68/Documents/computer_vision_tf2/dataset/rabbit_cat_chicken/train/rats\rats107.jpg,0,1
418,C:/Users/liu68/Documents/computer_vision_tf2/dataset/rabbit_cat_chicken/train/rats\rats108.jpg,0,1
419,C:/Users/liu68/Documents/computer_vision_tf2/dataset/rabbit_cat_chicken/train/rats\rats109.jpg,0,1
420,C:/Users/liu68/Documents/computer_vision_tf2/dataset/rabbit_cat_chicken/train/rats\rats110.jpg,0,1
421,C:/Users/liu68/Documents/computer_vision_tf2/dataset/rabbit_cat_chicken/train/rats\rats111.jpg,0,1
422,C:/Users/liu68/Documents/computer_vision_tf2/dataset/rabbit_cat_chicken/train/rats\rats112.jpg,0,1
423,C:/Users/liu68/Documents/computer_vision_tf2/dataset/rabbit_cat_chicken/train/rats\rats113.jpg,0,1
424,C:/Users/liu68/Documents/computer_vision_tf2/dataset/rabbit_cat_chicken/train/rats\rats114.jpg,0,1
425,C:/Users/liu68/Documents/computer_vision_tf2/dataset/rabbit_cat_chicken/train/rats\rats115.jpg,0,1
426,C:/Users/liu68/Documents/computer_vision_tf2/dataset/rabbit_cat_chicken/train/rats\rats116.jpg,0,1
427,C:/Users/liu68/Documents/computer_vision_tf2/dataset/rabbit_cat_chicken/train/rats\rats117.jpg,0,1
428,C:/Users/liu68/Documents/computer_vision_tf2/dataset/rabbit_cat_chicken/train/rats\rats118.jpg,0,1
429,C:/Users/liu68/Documents/computer_vision_tf2/dataset/rabbit_cat_chicken/train/rats\rats119.jpg,0,1
430,C:/Users/liu68/Documents/computer_vision_tf2/dataset/rabbit_cat_chicken/train/rats\rats120.jpg,0,1
431,C:/Users/liu68/Documents/computer_vision_tf2/dataset/rabbit_cat_chicken/train/rats\rats121.jpg,0,1
432,C:/Users/liu68/Documents/computer_vision_tf2/dataset/rabbit_cat_chicken/train/rats\rats122.jpg,0,1
433,C:/Users/liu68/Documents/computer_vision_tf2/dataset/rabbit_cat_chicken/train/rats\rats123.jpg,0,1
434,C:/Users/liu68/Documents/computer_vision_tf2/dataset/rabbit_cat_chicken/train/rats\rats124.jpg,0,1
435,C:/Users/liu68/Documents/computer_vision_tf2/dataset/rabbit_cat_chicken/train/rats\rats125.jpg,0,1
436,C:/Users/liu68/Documents/computer_vision_tf2/dataset/rabbit_cat_chicken/train/rats\rats126.jpg,0,1
437,C:/Users/liu68/Documents/computer_vision_tf2/dataset/rabbit_cat_chicken/train/rats\rats127.jpg,0,1
438,C:/Users/liu68/Documents/computer_vision_tf2/dataset/rabbit_cat_chicken/train/rats\rats128.jpg,0,1
439,C:/Users/liu68/Documents/computer_vision_tf2/dataset/rabbit_cat_chicken/train/rats\rats129.jpg,0,1
440,C:/Users/liu68/Documents/computer_vision_tf2/dataset/rabbit_cat_chicken/train/rats\rats130.jpg,0,1
441,C:/Users/liu68/Documents/computer_vision_tf2/dataset/rabbit_cat_chicken/train/rats\rats131.jpg,0,1
442,C:/Users/liu68/Documents/computer_vision_tf2/dataset/rabbit_cat_chicken/train/rats\rats132.jpg,0,1
443,C:/Users/liu68/Documents/computer_vision_tf2/dataset/rabbit_cat_chicken/train/rats\rats133.jpg,0,1
444,C:/Users/liu68/Documents/computer_vision_tf2/dataset/rabbit_cat_chicken/train/rats\rats134.jpg,0,1
445,C:/Users/liu68/Documents/computer_vision_tf2/dataset/rabbit_cat_chicken/train/rats\rats135.jpg,0,1
446,C:/Users/liu68/Documents/computer_vision_tf2/dataset/rabbit_cat_chicken/train/rats\rats136.jpg,0,1
447,C:/Users/liu68/Documents/computer_vision_tf2/dataset/rabbit_cat_chicken/train/rats\rats137.jpg,0,1
448,C:/Users/liu68/Documents/computer_vision_tf2/dataset/rabbit_cat_chicken/train/rats\rats138.jpg,0,1
449,C:/Users/liu68/Documents/computer_vision_tf2/dataset/rabbit_cat_chicken/train/rats\rats139.jpg,0,1
450,C:/Users/liu68/Documents/computer_vision_tf2/dataset/rabbit_cat_chicken/train/rats\rats140.jpg,0,1
451,C:/Users/liu68/Documents/computer_vision_tf2/dataset/rabbit_cat_chicken/train/rats\rats141.jpg,0,1
452,C:/Users/liu68/Documents/computer_vision_tf2/dataset/rabbit_cat_chicken/train/rats\rats142.jpg,0,1
453,C:/Users/liu68/Documents/computer_vision_tf2/dataset/rabbit_cat_chicken/train/rats\rats143.jpg,0,1
454,C:/Users/liu68/Documents/computer_vision_tf2/dataset/rabbit_cat_chicken/train/rats\rats144.jpg,0,1
455,C:/Users/liu68/Documents/computer_vision_tf2/dataset/rabbit_cat_chicken/train/rats\rats145.jpg,0,1
456,C:/Users/liu68/Documents/computer_vision_tf2/dataset/rabbit_cat_chicken/train/rats\rats146.jpg,0,1
457,C:/Users/liu68/Documents/computer_vision_tf2/dataset/rabbit_cat_chicken/train/rats\rats147.jpg,0,1
458,C:/Users/liu68/Documents/computer_vision_tf2/dataset/rabbit_cat_chicken/train/rats\rats148.jpg,0,1
459,C:/Users/liu68/Documents/computer_vision_tf2/dataset/rabbit_cat_chicken/train/rats\rats149.jpg,0,1
460,C:/Users/liu68/Documents/computer_vision_tf2/dataset/rabbit_cat_chicken/train/rats\rats150.jpg,0,1
461,C:/Users/liu68/Documents/computer_vision_tf2/dataset/rabbit_cat_chicken/train/rats\rats151.jpg,0,1
462,C:/Users/liu68/Documents/computer_vision_tf2/dataset/rabbit_cat_chicken/train/rats\rats152.jpg,0,1
463,C:/Users/liu68/Documents/computer_vision_tf2/dataset/rabbit_cat_chicken/train/rats\rats153.jpg,0,1
464,C:/Users/liu68/Documents/computer_vision_tf2/dataset/rabbit_cat_chicken/train/rats\rats154.jpg,0,1
465,C:/Users/liu68/Documents/computer_vision_tf2/dataset/rabbit_cat_chicken/train/rats\rats155.jpg,0,1
466,C:/Users/liu68/Documents/computer_vision_tf2/dataset/rabbit_cat_chicken/train/rats\rats156.jpg,0,1
467,C:/Users/liu68/Documents/computer_vision_tf2/dataset/rabbit_cat_chicken/train/rats\rats157.jpg,0,1
468,C:/Users/liu68/Documents/computer_vision_tf2/dataset/rabbit_cat_chicken/train/rats\rats158.jpg,0,1
469,C:/Users/liu68/Documents/computer_vision_tf2/dataset/rabbit_cat_chicken/train/rats\rats159.jpg,0,1
470,C:/Users/liu68/Documents/computer_vision_tf2/dataset/rabbit_cat_chicken/train/rats\rats160.jpg,0,1
471,C:/Users/liu68/Documents/computer_vision_tf2/dataset/rabbit_cat_chicken/train/rats\rats161.jpg,0,1
472,C:/Users/liu68/Documents/computer_vision_tf2/dataset/rabbit_cat_chicken/train/rats\rats162.jpg,0,1
473,C:/Users/liu68/Documents/computer_vision_tf2/dataset/rabbit_cat_chicken/train/rats\rats163.jpg,0,1
474,C:/Users/liu68/Documents/computer_vision_tf2/dataset/rabbit_cat_chicken/train/rats\rats164.jpg,0,1
475,C:/Users/liu68/Documents/computer_vision_tf2/dataset/rabbit_cat_chicken/train/rats\rats165.jpg,0,1
476,C:/Users/liu68/Documents/computer_vision_tf2/dataset/rabbit_cat_chicken/train/rats\rats166.jpg,0,1
477,C:/Users/liu68/Documents/computer_vision_tf2/dataset/rabbit_cat_chicken/train/rats\rats167.jpg,0,1
478,C:/Users/liu68/Documents/computer_vision_tf2/dataset/rabbit_cat_chicken/train/rats\rats168.jpg,0,1
479,C:/Users/liu68/Documents/computer_vision_tf2/dataset/rabbit_cat_chicken/train/rats\rats169.jpg,0,1
480,C:/Users/liu68/Documents/computer_vision_tf2/dataset/rabbit_cat_chicken/train/rats\rats170.jpg,0,1
481,C:/Users/liu68/Documents/computer_vision_tf2/dataset/rabbit_cat_chicken/train/rats\rats171.jpg,0,1
482,C:/Users/liu68/Documents/computer_vision_tf2/dataset/rabbit_cat_chicken/train/rats\rats172.jpg,0,1
483,C:/Users/liu68/Documents/computer_vision_tf2/dataset/rabbit_cat_chicken/train/rats\rats173.jpg,0,1
484,C:/Users/liu68/Documents/computer_vision_tf2/dataset/rabbit_cat_chicken/train/rats\rats174.jpg,0,1
485,C:/Users/liu68/Documents/computer_vision_tf2/dataset/rabbit_cat_chicken/train/rats\rats175.jpg,0,1
486,C:/Users/liu68/Documents/computer_vision_tf2/dataset/rabbit_cat_chicken/train/rats\rats176.jpg,0,1
487,C:/Users/liu68/Documents/computer_vision_tf2/dataset/rabbit_cat_chicken/train/rats\rats177.jpg,0,1
488,C:/Users/liu68/Documents/computer_vision_tf2/dataset/rabbit_cat_chicken/train/rats\rats178.jpg,0,1
489,C:/Users/liu68/Documents/computer_vision_tf2/dataset/rabbit_cat_chicken/train/rats\rats179.jpg,0,1
490,C:/Users/liu68/Documents/computer_vision_tf2/dataset/rabbit_cat_chicken/train/rats\rats180.jpg,0,1
491,C:/Users/liu68/Documents/computer_vision_tf2/dataset/rabbit_cat_chicken/train/rats\rats181.jpg,0,1
492,C:/Users/liu68/Documents/computer_vision_tf2/dataset/rabbit_cat_chicken/train/rats\rats182.jpg,0,1
493,C:/Users/liu68/Documents/computer_vision_tf2/dataset/rabbit_cat_chicken/train/rats\rats183.jpg,0,1
494,C:/Users/liu68/Documents/computer_vision_tf2/dataset/rabbit_cat_chicken/train/rats\rats184.jpg,0,1
495,C:/Users/liu68/Documents/computer_vision_tf2/dataset/rabbit_cat_chicken/train/rats\rats185.jpg,0,1
496,C:/Users/liu68/Documents/computer_vision_tf2/dataset/rabbit_cat_chicken/train/rats\rats186.jpg,0,1
497,C:/Users/liu68/Documents/computer_vision_tf2/dataset/rabbit_cat_chicken/train/rats\rats187.jpg,0,1
498,C:/Users/liu68/Documents/computer_vision_tf2/dataset/rabbit_cat_chicken/train/rats\rats188.jpg,0,1
499,C:/Users/liu68/Documents/computer_vision_tf2/dataset/rabbit_cat_chicken/train/rats\rats189.jpg,0,1
500,C:/Users/liu68/Documents/computer_vision_tf2/dataset/rabbit_cat_chicken/train/rats\rats190.jpg,0,1
501,C:/Users/liu68/Documents/computer_vision_tf2/dataset/rabbit_cat_chicken/train/rats\rats191.jpg,0,1
502,C:/Users/liu68/Documents/computer_vision_tf2/dataset/rabbit_cat_chicken/train/rats\rats192.jpg,0,1
503,C:/Users/liu68/Documents/computer_vision_tf2/dataset/rabbit_cat_chicken/train/rats\rats193.jpg,0,1
504,C:/Users/liu68/Documents/computer_vision_tf2/dataset/rabbit_cat_chicken/train/rats\rats194.jpg,0,1
505,C:/Users/liu68/Documents/computer_vision_tf2/dataset/rabbit_cat_chicken/train/rats\rats195.jpg,0,1
506,C:/Users/liu68/Documents/computer_vision_tf2/dataset/rabbit_cat_chicken/train/rats\rats196.jpg,0,1
507,C:/Users/liu68/Documents/computer_vision_tf2/dataset/rabbit_cat_chicken/train/rats\rats197.jpg,0,1
508,C:/Users/liu68/Documents/computer_vision_tf2/dataset/rabbit_cat_chicken/train/rats\rats198.jpg,0,1
509,C:/Users/liu68/Documents/computer_vision_tf2/dataset/rabbit_cat_chicken/train/rats\rats199.jpg,0,1
510,C:/Users/liu68/Documents/computer_vision_tf2/dataset/rabbit_cat_chicken/train/rats\rats200.jpg,0,1
511,C:/Users/liu68/Documents/computer_vision_tf2/dataset/rabbit_cat_chicken/train/rats\rats201.jpg,0,1
512,C:/Users/liu68/Documents/computer_vision_tf2/dataset/rabbit_cat_chicken/train/rats\rats202.jpg,0,1
513,C:/Users/liu68/Documents/computer_vision_tf2/dataset/rabbit_cat_chicken/train/rats\rats203.jpg,0,1
514,C:/Users/liu68/Documents/computer_vision_tf2/dataset/rabbit_cat_chicken/train/rats\rats204.jpg,0,1
515,C:/Users/liu68/Documents/computer_vision_tf2/dataset/rabbit_cat_chicken/train/rats\rats205.jpg,0,1
516,C:/Users/liu68/Documents/computer_vision_tf2/dataset/rabbit_cat_chicken/train/rats\rats206.jpg,0,1
517,C:/Users/liu68/Documents/computer_vision_tf2/dataset/rabbit_cat_chicken/train/rats\rats207.jpg,0,1
518,C:/Users/liu68/Documents/computer_vision_tf2/dataset/rabbit_cat_chicken/train/rats\rats208.jpg,0,1
519,C:/Users/liu68/Documents/computer_vision_tf2/dataset/rabbit_cat_chicken/train/rats\rats209.jpg,0,1
520,C:/Users/liu68/Documents/computer_vision_tf2/dataset/rabbit_cat_chicken/train/rats\rats210.jpg,0,1
521,C:/Users/liu68/Documents/computer_vision_tf2/dataset/rabbit_cat_chicken/train/rats\rats211.jpg,0,1
522,C:/Users/liu68/Documents/computer_vision_tf2/dataset/rabbit_cat_chicken/train/rats\rats212.jpg,0,1
523,C:/Users/liu68/Documents/computer_vision_tf2/dataset/rabbit_cat_chicken/train/rats\rats213.jpg,0,1
524,C:/Users/liu68/Documents/computer_vision_tf2/dataset/rabbit_cat_chicken/train/rats\rats214.jpg,0,1
525,C:/Users/liu68/Documents/computer_vision_tf2/dataset/rabbit_cat_chicken/train/rats\rats215.jpg,0,1
526,C:/Users/liu68/Documents/computer_vision_tf2/dataset/rabbit_cat_chicken/train/rats\rats216.jpg,0,1
527,C:/Users/liu68/Documents/computer_vision_tf2/dataset/rabbit_cat_chicken/train/rats\rats217.jpg,0,1
528,C:/Users/liu68/Documents/computer_vision_tf2/dataset/rabbit_cat_chicken/train/rats\rats218.jpg,0,1
529,C:/Users/liu68/Documents/computer_vision_tf2/dataset/rabbit_cat_chicken/train/rats\rats219.jpg,0,1
530,C:/Users/liu68/Documents/computer_vision_tf2/dataset/rabbit_cat_chicken/train/rats\rats220.jpg,0,1
531,C:/Users/liu68/Documents/computer_vision_tf2/dataset/rabbit_cat_chicken/train/rats\rats221.jpg,0,1
532,C:/Users/liu68/Documents/computer_vision_tf2/dataset/rabbit_cat_chicken/train/rats\rats222.jpg,0,1
533,C:/Users/liu68/Documents/computer_vision_tf2/dataset/rabbit_cat_chicken/train/rats\rats223.jpg,0,1
534,C:/Users/liu68/Documents/computer_vision_tf2/dataset/rabbit_cat_chicken/train/rats\rats224.jpg,0,1
535,C:/Users/liu68/Documents/computer_vision_tf2/dataset/rabbit_cat_chicken/train/rats\rats225.jpg,0,1
536,C:/Users/liu68/Documents/computer_vision_tf2/dataset/rabbit_cat_chicken/train/rats\rats226.jpg,0,1
537,C:/Users/liu68/Documents/computer_vision_tf2/dataset/rabbit_cat_chicken/train/rats\rats227.jpg,0,1
538,C:/Users/liu68/Documents/computer_vision_tf2/dataset/rabbit_cat_chicken/train/rats\rats228.jpg,0,1
539,C:/Users/liu68/Documents/computer_vision_tf2/dataset/rabbit_cat_chicken/train/rats\rats229.jpg,0,1
540,C:/Users/liu68/Documents/computer_vision_tf2/dataset/rabbit_cat_chicken/train/rats\rats230.jpg,0,1
541,C:/Users/liu68/Documents/computer_vision_tf2/dataset/rabbit_cat_chicken/train/rats\rats231.jpg,0,1
542,C:/Users/liu68/Documents/computer_vision_tf2/dataset/rabbit_cat_chicken/train/rats\rats232.jpg,0,1
543,C:/Users/liu68/Documents/computer_vision_tf2/dataset/rabbit_cat_chicken/train/rats\rats233.jpg,0,1
544,C:/Users/liu68/Documents/computer_vision_tf2/dataset/rabbit_cat_chicken/train/rats\rats234.jpg,0,1
545,C:/Users/liu68/Documents/computer_vision_tf2/dataset/rabbit_cat_chicken/train/rats\rats235.jpg,0,1
546,C:/Users/liu68/Documents/computer_vision_tf2/dataset/rabbit_cat_chicken/train/rats\rats236.jpg,0,1
547,C:/Users/liu68/Documents/computer_vision_tf2/dataset/rabbit_cat_chicken/train/rats\rats237.jpg,0,1
548,C:/Users/liu68/Documents/computer_vision_tf2/dataset/rabbit_cat_chicken/train/rats\rats238.jpg,0,1
549,C:/Users/liu68/Documents/computer_vision_tf2/dataset/rabbit_cat_chicken/train/rats\rats239.jpg,0,1
550,C:/Users/liu68/Documents/computer_vision_tf2/dataset/rabbit_cat_chicken/train/rats\rats240.jpg,0,1
551,C:/Users/liu68/Documents/computer_vision_tf2/dataset/rabbit_cat_chicken/train/rats\rats241.jpg,0,1
552,C:/Users/liu68/Documents/computer_vision_tf2/dataset/rabbit_cat_chicken/train/rats\rats242.jpg,0,1
553,C:/Users/liu68/Documents/computer_vision_tf2/dataset/rabbit_cat_chicken/train/rats\rats243.jpg,0,1
554,C:/Users/liu68/Documents/computer_vision_tf2/dataset/rabbit_cat_chicken/train/rats\rats244.jpg,0,1
555,C:/Users/liu68/Documents/computer_vision_tf2/dataset/rabbit_cat_chicken/train/rats\rats245.jpg,0,1
556,C:/Users/liu68/Documents/computer_vision_tf2/dataset/rabbit_cat_chicken/train/rats\rats246.jpg,0,1
557,C:/Users/liu68/Documents/computer_vision_tf2/dataset/rabbit_cat_chicken/train/rats\rats247.jpg,0,1
558,C:/Users/liu68/Documents/computer_vision_tf2/dataset/rabbit_cat_chicken/train/rats\rats248.jpg,0,1
559,C:/Users/liu68/Documents/computer_vision_tf2/dataset/rabbit_cat_chicken/train/rats\rats249.jpg,0,1
560,C:/Users/liu68/Documents/computer_vision_tf2/dataset/rabbit_cat_chicken/train/rats\rats250.jpg,0,1
561,C:/Users/liu68/Documents/computer_vision_tf2/dataset/rabbit_cat_chicken/train/rats\rats251.jpg,0,1
562,C:/Users/liu68/Documents/computer_vision_tf2/dataset/rabbit_cat_chicken/train/rats\rats252.jpg,0,1
563,C:/Users/liu68/Documents/computer_vision_tf2/dataset/rabbit_cat_chicken/train/rats\rats253.jpg,0,1
564,C:/Users/liu68/Documents/computer_vision_tf2/dataset/rabbit_cat_chicken/train/rats\rats254.jpg,0,1
565,C:/Users/liu68/Documents/computer_vision_tf2/dataset/rabbit_cat_chicken/train/rats\rats255.jpg,0,1
566,C:/Users/liu68/Documents/computer_vision_tf2/dataset/rabbit_cat_chicken/train/rats\rats256.jpg,0,1
567,C:/Users/liu68/Documents/computer_vision_tf2/dataset/rabbit_cat_chicken/train/rats\rats257.jpg,0,1
568,C:/Users/liu68/Documents/computer_vision_tf2/dataset/rabbit_cat_chicken/train/rats\rats258.jpg,0,1
569,C:/Users/liu68/Documents/computer_vision_tf2/dataset/rabbit_cat_chicken/train/rats\rats259.jpg,0,1
570,C:/Users/liu68/Documents/computer_vision_tf2/dataset/rabbit_cat_chicken/train/rats\rats260.jpg,0,1
571,C:/Users/liu68/Documents/computer_vision_tf2/dataset/rabbit_cat_chicken/train/rats\rats261.jpg,0,1
572,C:/Users/liu68/Documents/computer_vision_tf2/dataset/rabbit_cat_chicken/train/rats\rats262.jpg,0,1
573,C:/Users/liu68/Documents/computer_vision_tf2/dataset/rabbit_cat_chicken/train/rats\rats263.jpg,0,1
574,C:/Users/liu68/Documents/computer_vision_tf2/dataset/rabbit_cat_chicken/train/rats\rats264.jpg,0,1
575,C:/Users/liu68/Documents/computer_vision_tf2/dataset/rabbit_cat_chicken/train/rats\rats265.jpg,0,1
576,C:/Users/liu68/Documents/computer_vision_tf2/dataset/rabbit_cat_chicken/train/rats\rats266.jpg,0,1
577,C:/Users/liu68/Documents/computer_vision_tf2/dataset/rabbit_cat_chicken/train/rats\rats267.jpg,0,1
578,C:/Users/liu68/Documents/computer_vision_tf2/dataset/rabbit_cat_chicken/train/rats\rats268.jpg,0,1
579,C:/Users/liu68/Documents/computer_vision_tf2/dataset/rabbit_cat_chicken/train/rats\rats269.jpg,0,1
580,C:/Users/liu68/Documents/computer_vision_tf2/dataset/rabbit_cat_chicken/train/chickens\chickens000.jpg,1,2
581,C:/Users/liu68/Documents/computer_vision_tf2/dataset/rabbit_cat_chicken/train/chickens\chickens001.jpg,1,2
582,C:/Users/liu68/Documents/computer_vision_tf2/dataset/rabbit_cat_chicken/train/chickens\chickens002.jpg,1,2
583,C:/Users/liu68/Documents/computer_vision_tf2/dataset/rabbit_cat_chicken/train/chickens\chickens003.jpg,1,2
584,C:/Users/liu68/Documents/computer_vision_tf2/dataset/rabbit_cat_chicken/train/chickens\chickens004.jpg,1,2
585,C:/Users/liu68/Documents/computer_vision_tf2/dataset/rabbit_cat_chicken/train/chickens\chickens005.jpg,1,2
586,C:/Users/liu68/Documents/computer_vision_tf2/dataset/rabbit_cat_chicken/train/chickens\chickens006.jpg,1,2
587,C:/Users/liu68/Documents/computer_vision_tf2/dataset/rabbit_cat_chicken/train/chickens\chickens007.jpg,1,2
588,C:/Users/liu68/Documents/computer_vision_tf2/dataset/rabbit_cat_chicken/train/chickens\chickens008.jpg,1,2
589,C:/Users/liu68/Documents/computer_vision_tf2/dataset/rabbit_cat_chicken/train/chickens\chickens009.jpg,1,2
590,C:/Users/liu68/Documents/computer_vision_tf2/dataset/rabbit_cat_chicken/train/chickens\chickens010.jpg,1,2
591,C:/Users/liu68/Documents/computer_vision_tf2/dataset/rabbit_cat_chicken/train/chickens\chickens011.jpg,1,2
592,C:/Users/liu68/Documents/computer_vision_tf2/dataset/rabbit_cat_chicken/train/chickens\chickens012.jpg,1,2
593,C:/Users/liu68/Documents/computer_vision_tf2/dataset/rabbit_cat_chicken/train/chickens\chickens013.jpg,1,2
594,C:/Users/liu68/Documents/computer_vision_tf2/dataset/rabbit_cat_chicken/train/chickens\chickens014.jpg,1,2
595,C:/Users/liu68/Documents/computer_vision_tf2/dataset/rabbit_cat_chicken/train/chickens\chickens015.jpg,1,2
596,C:/Users/liu68/Documents/computer_vision_tf2/dataset/rabbit_cat_chicken/train/chickens\chickens016.jpg,1,2
597,C:/Users/liu68/Documents/computer_vision_tf2/dataset/rabbit_cat_chicken/train/chickens\chickens017.jpg,1,2
598,C:/Users/liu68/Documents/computer_vision_tf2/dataset/rabbit_cat_chicken/train/chickens\chickens018.jpg,1,2
599,C:/Users/liu68/Documents/computer_vision_tf2/dataset/rabbit_cat_chicken/train/chickens\chickens019.jpg,1,2
600,C:/Users/liu68/Documents/computer_vision_tf2/dataset/rabbit_cat_chicken/train/chickens\chickens020.jpg,1,2
601,C:/Users/liu68/Documents/computer_vision_tf2/dataset/rabbit_cat_chicken/train/chickens\chickens021.jpg,1,2
602,C:/Users/liu68/Documents/computer_vision_tf2/dataset/rabbit_cat_chicken/train/chickens\chickens022.jpg,1,2
603,C:/Users/liu68/Documents/computer_vision_tf2/dataset/rabbit_cat_chicken/train/chickens\chickens023.jpg,1,2
604,C:/Users/liu68/Documents/computer_vision_tf2/dataset/rabbit_cat_chicken/train/chickens\chickens024.jpg,1,2
605,C:/Users/liu68/Documents/computer_vision_tf2/dataset/rabbit_cat_chicken/train/chickens\chickens025.jpg,1,2
606,C:/Users/liu68/Documents/computer_vision_tf2/dataset/rabbit_cat_chicken/train/chickens\chickens026.jpg,1,2
607,C:/Users/liu68/Documents/computer_vision_tf2/dataset/rabbit_cat_chicken/train/chickens\chickens027.jpg,1,2
608,C:/Users/liu68/Documents/computer_vision_tf2/dataset/rabbit_cat_chicken/train/chickens\chickens028.jpg,1,2
609,C:/Users/liu68/Documents/computer_vision_tf2/dataset/rabbit_cat_chicken/train/chickens\chickens029.jpg,1,2
610,C:/Users/liu68/Documents/computer_vision_tf2/dataset/rabbit_cat_chicken/train/chickens\chickens030.jpg,1,2
611,C:/Users/liu68/Documents/computer_vision_tf2/dataset/rabbit_cat_chicken/train/chickens\chickens031.jpg,1,2
612,C:/Users/liu68/Documents/computer_vision_tf2/dataset/rabbit_cat_chicken/train/chickens\chickens032.jpg,1,2
613,C:/Users/liu68/Documents/computer_vision_tf2/dataset/rabbit_cat_chicken/train/chickens\chickens033.jpg,1,2
614,C:/Users/liu68/Documents/computer_vision_tf2/dataset/rabbit_cat_chicken/train/chickens\chickens034.jpg,1,2
615,C:/Users/liu68/Documents/computer_vision_tf2/dataset/rabbit_cat_chicken/train/chickens\chickens035.jpg,1,2
616,C:/Users/liu68/Documents/computer_vision_tf2/dataset/rabbit_cat_chicken/train/chickens\chickens036.jpg,1,2
617,C:/Users/liu68/Documents/computer_vision_tf2/dataset/rabbit_cat_chicken/train/chickens\chickens037.jpg,1,2
618,C:/Users/liu68/Documents/computer_vision_tf2/dataset/rabbit_cat_chicken/train/chickens\chickens038.jpg,1,2
619,C:/Users/liu68/Documents/computer_vision_tf2/dataset/rabbit_cat_chicken/train/chickens\chickens039.jpg,1,2
620,C:/Users/liu68/Documents/computer_vision_tf2/dataset/rabbit_cat_chicken/train/chickens\chickens040.jpg,1,2
621,C:/Users/liu68/Documents/computer_vision_tf2/dataset/rabbit_cat_chicken/train/chickens\chickens041.jpg,1,2
622,C:/Users/liu68/Documents/computer_vision_tf2/dataset/rabbit_cat_chicken/train/chickens\chickens042.jpg,1,2
623,C:/Users/liu68/Documents/computer_vision_tf2/dataset/rabbit_cat_chicken/train/chickens\chickens043.jpg,1,2
624,C:/Users/liu68/Documents/computer_vision_tf2/dataset/rabbit_cat_chicken/train/chickens\chickens044.jpg,1,2
625,C:/Users/liu68/Documents/computer_vision_tf2/dataset/rabbit_cat_chicken/train/chickens\chickens045.jpg,1,2
626,C:/Users/liu68/Documents/computer_vision_tf2/dataset/rabbit_cat_chicken/train/chickens\chickens046.jpg,1,2
627,C:/Users/liu68/Documents/computer_vision_tf2/dataset/rabbit_cat_chicken/train/chickens\chickens047.jpg,1,2
628,C:/Users/liu68/Documents/computer_vision_tf2/dataset/rabbit_cat_chicken/train/chickens\chickens048.jpg,1,2
629,C:/Users/liu68/Documents/computer_vision_tf2/dataset/rabbit_cat_chicken/train/chickens\chickens049.jpg,1,2
630,C:/Users/liu68/Documents/computer_vision_tf2/dataset/rabbit_cat_chicken/train/chickens\chickens050.jpg,1,2
631,C:/Users/liu68/Documents/computer_vision_tf2/dataset/rabbit_cat_chicken/train/chickens\chickens051.jpg,1,2
632,C:/Users/liu68/Documents/computer_vision_tf2/dataset/rabbit_cat_chicken/train/chickens\chickens052.jpg,1,2
633,C:/Users/liu68/Documents/computer_vision_tf2/dataset/rabbit_cat_chicken/train/chickens\chickens053.jpg,1,2
634,C:/Users/liu68/Documents/computer_vision_tf2/dataset/rabbit_cat_chicken/train/chickens\chickens054.jpg,1,2
635,C:/Users/liu68/Documents/computer_vision_tf2/dataset/rabbit_cat_chicken/train/chickens\chickens055.jpg,1,2
636,C:/Users/liu68/Documents/computer_vision_tf2/dataset/rabbit_cat_chicken/train/chickens\chickens056.jpg,1,2
637,C:/Users/liu68/Documents/computer_vision_tf2/dataset/rabbit_cat_chicken/train/chickens\chickens057.jpg,1,2
638,C:/Users/liu68/Documents/computer_vision_tf2/dataset/rabbit_cat_chicken/train/chickens\chickens058.jpg,1,2
639,C:/Users/liu68/Documents/computer_vision_tf2/dataset/rabbit_cat_chicken/train/chickens\chickens059.jpg,1,2
640,C:/Users/liu68/Documents/computer_vision_tf2/dataset/rabbit_cat_chicken/train/chickens\chickens060.jpg,1,2
641,C:/Users/liu68/Documents/computer_vision_tf2/dataset/rabbit_cat_chicken/train/chickens\chickens061.jpg,1,2
642,C:/Users/liu68/Documents/computer_vision_tf2/dataset/rabbit_cat_chicken/train/chickens\chickens062.jpg,1,2
643,C:/Users/liu68/Documents/computer_vision_tf2/dataset/rabbit_cat_chicken/train/chickens\chickens063.jpg,1,2
644,C:/Users/liu68/Documents/computer_vision_tf2/dataset/rabbit_cat_chicken/train/chickens\chickens064.jpg,1,2
645,C:/Users/liu68/Documents/computer_vision_tf2/dataset/rabbit_cat_chicken/train/chickens\chickens065.jpg,1,2
646,C:/Users/liu68/Documents/computer_vision_tf2/dataset/rabbit_cat_chicken/train/chickens\chickens066.jpg,1,2
647,C:/Users/liu68/Documents/computer_vision_tf2/dataset/rabbit_cat_chicken/train/chickens\chickens067.jpg,1,2
648,C:/Users/liu68/Documents/computer_vision_tf2/dataset/rabbit_cat_chicken/train/chickens\chickens068.jpg,1,2
649,C:/Users/liu68/Documents/computer_vision_tf2/dataset/rabbit_cat_chicken/train/chickens\chickens069.jpg,1,2
650,C:/Users/liu68/Documents/computer_vision_tf2/dataset/rabbit_cat_chicken/train/chickens\chickens070.jpg,1,2
651,C:/Users/liu68/Documents/computer_vision_tf2/dataset/rabbit_cat_chicken/train/chickens\chickens071.jpg,1,2
652,C:/Users/liu68/Documents/computer_vision_tf2/dataset/rabbit_cat_chicken/train/chickens\chickens072.jpg,1,2
653,C:/Users/liu68/Documents/computer_vision_tf2/dataset/rabbit_cat_chicken/train/chickens\chickens073.jpg,1,2
654,C:/Users/liu68/Documents/computer_vision_tf2/dataset/rabbit_cat_chicken/train/chickens\chickens074.jpg,1,2
655,C:/Users/liu68/Documents/computer_vision_tf2/dataset/rabbit_cat_chicken/train/chickens\chickens075.jpg,1,2
656,C:/Users/liu68/Documents/computer_vision_tf2/dataset/rabbit_cat_chicken/train/chickens\chickens076.jpg,1,2
657,C:/Users/liu68/Documents/computer_vision_tf2/dataset/rabbit_cat_chicken/train/chickens\chickens077.jpg,1,2
658,C:/Users/liu68/Documents/computer_vision_tf2/dataset/rabbit_cat_chicken/train/chickens\chickens078.jpg,1,2
659,C:/Users/liu68/Documents/computer_vision_tf2/dataset/rabbit_cat_chicken/train/chickens\chickens079.jpg,1,2
660,C:/Users/liu68/Documents/computer_vision_tf2/dataset/rabbit_cat_chicken/train/chickens\chickens080.jpg,1,2
661,C:/Users/liu68/Documents/computer_vision_tf2/dataset/rabbit_cat_chicken/train/chickens\chickens081.jpg,1,2
662,C:/Users/liu68/Documents/computer_vision_tf2/dataset/rabbit_cat_chicken/train/chickens\chickens082.jpg,1,2
663,C:/Users/liu68/Documents/computer_vision_tf2/dataset/rabbit_cat_chicken/train/chickens\chickens083.jpg,1,2
664,C:/Users/liu68/Documents/computer_vision_tf2/dataset/rabbit_cat_chicken/train/chickens\chickens084.jpg,1,2
665,C:/Users/liu68/Documents/computer_vision_tf2/dataset/rabbit_cat_chicken/train/chickens\chickens085.jpg,1,2
666,C:/Users/liu68/Documents/computer_vision_tf2/dataset/rabbit_cat_chicken/train/chickens\chickens086.jpg,1,2
667,C:/Users/liu68/Documents/computer_vision_tf2/dataset/rabbit_cat_chicken/train/chickens\chickens087.jpg,1,2
668,C:/Users/liu68/Documents/computer_vision_tf2/dataset/rabbit_cat_chicken/train/chickens\chickens088.jpg,1,2
669,C:/Users/liu68/Documents/computer_vision_tf2/dataset/rabbit_cat_chicken/train/chickens\chickens089.jpg,1,2
670,C:/Users/liu68/Documents/computer_vision_tf2/dataset/rabbit_cat_chicken/train/chickens\chickens090.jpg,1,2
671,C:/Users/liu68/Documents/computer_vision_tf2/dataset/rabbit_cat_chicken/train/chickens\chickens091.jpg,1,2
672,C:/Users/liu68/Documents/computer_vision_tf2/dataset/rabbit_cat_chicken/train/chickens\chickens092.jpg,1,2
673,C:/Users/liu68/Documents/computer_vision_tf2/dataset/rabbit_cat_chicken/train/chickens\chickens093.jpg,1,2
674,C:/Users/liu68/Documents/computer_vision_tf2/dataset/rabbit_cat_chicken/train/chickens\chickens094.jpg,1,2
675,C:/Users/liu68/Documents/computer_vision_tf2/dataset/rabbit_cat_chicken/train/chickens\chickens095.jpg,1,2
676,C:/Users/liu68/Documents/computer_vision_tf2/dataset/rabbit_cat_chicken/train/chickens\chickens096.jpg,1,2
677,C:/Users/liu68/Documents/computer_vision_tf2/dataset/rabbit_cat_chicken/train/chickens\chickens097.jpg,1,2
678,C:/Users/liu68/Documents/computer_vision_tf2/dataset/rabbit_cat_chicken/train/chickens\chickens098.jpg,1,2
679,C:/Users/liu68/Documents/computer_vision_tf2/dataset/rabbit_cat_chicken/train/chickens\chickens099.jpg,1,2
680,C:/Users/liu68/Documents/computer_vision_tf2/dataset/rabbit_cat_chicken/train/chickens\chickens100.jpg,1,2
681,C:/Users/liu68/Documents/computer_vision_tf2/dataset/rabbit_cat_chicken/train/chickens\chickens101.jpg,1,2
682,C:/Users/liu68/Documents/computer_vision_tf2/dataset/rabbit_cat_chicken/train/chickens\chickens102.jpg,1,2
683,C:/Users/liu68/Documents/computer_vision_tf2/dataset/rabbit_cat_chicken/train/chickens\chickens103.jpg,1,2
684,C:/Users/liu68/Documents/computer_vision_tf2/dataset/rabbit_cat_chicken/train/chickens\chickens104.jpg,1,2
685,C:/Users/liu68/Documents/computer_vision_tf2/dataset/rabbit_cat_chicken/train/chickens\chickens105.jpg,1,2
686,C:/Users/liu68/Documents/computer_vision_tf2/dataset/rabbit_cat_chicken/train/chickens\chickens106.jpg,1,2
687,C:/Users/liu68/Documents/computer_vision_tf2/dataset/rabbit_cat_chicken/train/chickens\chickens107.jpg,1,2
688,C:/Users/liu68/Documents/computer_vision_tf2/dataset/rabbit_cat_chicken/train/chickens\chickens108.jpg,1,2
689,C:/Users/liu68/Documents/computer_vision_tf2/dataset/rabbit_cat_chicken/train/chickens\chickens109.jpg,1,2
690,C:/Users/liu68/Documents/computer_vision_tf2/dataset/rabbit_cat_chicken/train/chickens\chickens110.jpg,1,2
691,C:/Users/liu68/Documents/computer_vision_tf2/dataset/rabbit_cat_chicken/train/chickens\chickens111.jpg,1,2
692,C:/Users/liu68/Documents/computer_vision_tf2/dataset/rabbit_cat_chicken/train/chickens\chickens112.jpg,1,2
693,C:/Users/liu68/Documents/computer_vision_tf2/dataset/rabbit_cat_chicken/train/chickens\chickens113.jpg,1,2
694,C:/Users/liu68/Documents/computer_vision_tf2/dataset/rabbit_cat_chicken/train/chickens\chickens114.jpg,1,2
695,C:/Users/liu68/Documents/computer_vision_tf2/dataset/rabbit_cat_chicken/train/chickens\chickens115.jpg,1,2
696,C:/Users/liu68/Documents/computer_vision_tf2/dataset/rabbit_cat_chicken/train/chickens\chickens116.jpg,1,2
697,C:/Users/liu68/Documents/computer_vision_tf2/dataset/rabbit_cat_chicken/train/chickens\chickens117.jpg,1,2
698,C:/Users/liu68/Documents/computer_vision_tf2/dataset/rabbit_cat_chicken/train/chickens\chickens118.jpg,1,2
699,C:/Users/liu68/Documents/computer_vision_tf2/dataset/rabbit_cat_chicken/train/chickens\chickens119.jpg,1,2
700,C:/Users/liu68/Documents/computer_vision_tf2/dataset/rabbit_cat_chicken/train/chickens\chickens120.jpg,1,2
701,C:/Users/liu68/Documents/computer_vision_tf2/dataset/rabbit_cat_chicken/train/chickens\chickens121.jpg,1,2
702,C:/Users/liu68/Documents/computer_vision_tf2/dataset/rabbit_cat_chicken/train/chickens\chickens122.jpg,1,2
703,C:/Users/liu68/Documents/computer_vision_tf2/dataset/rabbit_cat_chicken/train/chickens\chickens123.jpg,1,2
704,C:/Users/liu68/Documents/computer_vision_tf2/dataset/rabbit_cat_chicken/train/chickens\chickens124.jpg,1,2
705,C:/Users/liu68/Documents/computer_vision_tf2/dataset/rabbit_cat_chicken/train/chickens\chickens125.jpg,1,2
706,C:/Users/liu68/Documents/computer_vision_tf2/dataset/rabbit_cat_chicken/train/chickens\chickens126.jpg,1,2
707,C:/Users/liu68/Documents/computer_vision_tf2/dataset/rabbit_cat_chicken/train/chickens\chickens127.jpg,1,2
708,C:/Users/liu68/Documents/computer_vision_tf2/dataset/rabbit_cat_chicken/train/chickens\chickens128.jpg,1,2
709,C:/Users/liu68/Documents/computer_vision_tf2/dataset/rabbit_cat_chicken/train/chickens\chickens129.jpg,1,2
710,C:/Users/liu68/Documents/computer_vision_tf2/dataset/rabbit_cat_chicken/train/chickens\chickens130.jpg,1,2
711,C:/Users/liu68/Documents/computer_vision_tf2/dataset/rabbit_cat_chicken/train/chickens\chickens131.jpg,1,2
712,C:/Users/liu68/Documents/computer_vision_tf2/dataset/rabbit_cat_chicken/train/chickens\chickens132.jpg,1,2
713,C:/Users/liu68/Documents/computer_vision_tf2/dataset/rabbit_cat_chicken/train/chickens\chickens133.jpg,1,2
714,C:/Users/liu68/Documents/computer_vision_tf2/dataset/rabbit_cat_chicken/train/chickens\chickens134.jpg,1,2
715,C:/Users/liu68/Documents/computer_vision_tf2/dataset/rabbit_cat_chicken/train/chickens\chickens135.jpg,1,2
716,C:/Users/liu68/Documents/computer_vision_tf2/dataset/rabbit_cat_chicken/train/chickens\chickens136.jpg,1,2
717,C:/Users/liu68/Documents/computer_vision_tf2/dataset/rabbit_cat_chicken/train/chickens\chickens137.jpg,1,2
718,C:/Users/liu68/Documents/computer_vision_tf2/dataset/rabbit_cat_chicken/train/chickens\chickens138.jpg,1,2
719,C:/Users/liu68/Documents/computer_vision_tf2/dataset/rabbit_cat_chicken/train/chickens\chickens139.jpg,1,2
720,C:/Users/liu68/Documents/computer_vision_tf2/dataset/rabbit_cat_chicken/train/chickens\chickens140.jpg,1,2
721,C:/Users/liu68/Documents/computer_vision_tf2/dataset/rabbit_cat_chicken/train/chickens\chickens141.jpg,1,2
722,C:/Users/liu68/Documents/computer_vision_tf2/dataset/rabbit_cat_chicken/train/chickens\chickens142.jpg,1,2
723,C:/Users/liu68/Documents/computer_vision_tf2/dataset/rabbit_cat_chicken/train/chickens\chickens143.jpg,1,2
724,C:/Users/liu68/Documents/computer_vision_tf2/dataset/rabbit_cat_chicken/train/chickens\chickens144.jpg,1,2
725,C:/Users/liu68/Documents/computer_vision_tf2/dataset/rabbit_cat_chicken/train/chickens\chickens145.jpg,1,2
726,C:/Users/liu68/Documents/computer_vision_tf2/dataset/rabbit_cat_chicken/train/chickens\chickens146.jpg,1,2
727,C:/Users/liu68/Documents/computer_vision_tf2/dataset/rabbit_cat_chicken/train/chickens\chickens147.jpg,1,2
728,C:/Users/liu68/Documents/computer_vision_tf2/dataset/rabbit_cat_chicken/train/chickens\chickens148.jpg,1,2
729,C:/Users/liu68/Documents/computer_vision_tf2/dataset/rabbit_cat_chicken/train/chickens\chickens149.jpg,1,2
730,C:/Users/liu68/Documents/computer_vision_tf2/dataset/rabbit_cat_chicken/train/chickens\chickens150.jpg,1,2
731,C:/Users/liu68/Documents/computer_vision_tf2/dataset/rabbit_cat_chicken/train/chickens\chickens151.jpg,1,2
732,C:/Users/liu68/Documents/computer_vision_tf2/dataset/rabbit_cat_chicken/train/chickens\chickens152.jpg,1,2
733,C:/Users/liu68/Documents/computer_vision_tf2/dataset/rabbit_cat_chicken/train/chickens\chickens153.jpg,1,2
734,C:/Users/liu68/Documents/computer_vision_tf2/dataset/rabbit_cat_chicken/train/chickens\chickens154.jpg,1,2
735,C:/Users/liu68/Documents/computer_vision_tf2/dataset/rabbit_cat_chicken/train/chickens\chickens155.jpg,1,2
736,C:/Users/liu68/Documents/computer_vision_tf2/dataset/rabbit_cat_chicken/train/chickens\chickens156.jpg,1,2
737,C:/Users/liu68/Documents/computer_vision_tf2/dataset/rabbit_cat_chicken/train/chickens\chickens157.jpg,1,2
738,C:/Users/liu68/Documents/computer_vision_tf2/dataset/rabbit_cat_chicken/train/chickens\chickens158.jpg,1,2
739,C:/Users/liu68/Documents/computer_vision_tf2/dataset/rabbit_cat_chicken/train/chickens\chickens159.jpg,1,2
740,C:/Users/liu68/Documents/computer_vision_tf2/dataset/rabbit_cat_chicken/train/chickens\chickens160.jpg,1,2
741,C:/Users/liu68/Documents/computer_vision_tf2/dataset/rabbit_cat_chicken/train/chickens\chickens161.jpg,1,2
742,C:/Users/liu68/Documents/computer_vision_tf2/dataset/rabbit_cat_chicken/train/chickens\chickens162.jpg,1,2
743,C:/Users/liu68/Documents/computer_vision_tf2/dataset/rabbit_cat_chicken/train/chickens\chickens163.jpg,1,2
744,C:/Users/liu68/Documents/computer_vision_tf2/dataset/rabbit_cat_chicken/train/chickens\chickens164.jpg,1,2
745,C:/Users/liu68/Documents/computer_vision_tf2/dataset/rabbit_cat_chicken/train/chickens\chickens165.jpg,1,2
746,C:/Users/liu68/Documents/computer_vision_tf2/dataset/rabbit_cat_chicken/train/chickens\chickens166.jpg,1,2
747,C:/Users/liu68/Documents/computer_vision_tf2/dataset/rabbit_cat_chicken/train/chickens\chickens167.jpg,1,2
748,C:/Users/liu68/Documents/computer_vision_tf2/dataset/rabbit_cat_chicken/train/chickens\chickens168.jpg,1,2
749,C:/Users/liu68/Documents/computer_vision_tf2/dataset/rabbit_cat_chicken/train/chickens\chickens169.jpg,1,2
750,C:/Users/liu68/Documents/computer_vision_tf2/dataset/rabbit_cat_chicken/train/chickens\chickens170.jpg,1,2
751,C:/Users/liu68/Documents/computer_vision_tf2/dataset/rabbit_cat_chicken/train/chickens\chickens171.jpg,1,2
752,C:/Users/liu68/Documents/computer_vision_tf2/dataset/rabbit_cat_chicken/train/chickens\chickens172.jpg,1,2
753,C:/Users/liu68/Documents/computer_vision_tf2/dataset/rabbit_cat_chicken/train/chickens\chickens173.jpg,1,2
754,C:/Users/liu68/Documents/computer_vision_tf2/dataset/rabbit_cat_chicken/train/chickens\chickens174.jpg,1,2
755,C:/Users/liu68/Documents/computer_vision_tf2/dataset/rabbit_cat_chicken/train/chickens\chickens175.jpg,1,2
756,C:/Users/liu68/Documents/computer_vision_tf2/dataset/rabbit_cat_chicken/train/chickens\chickens176.jpg,1,2
757,C:/Users/liu68/Documents/computer_vision_tf2/dataset/rabbit_cat_chicken/train/chickens\chickens177.jpg,1,2
758,C:/Users/liu68/Documents/computer_vision_tf2/dataset/rabbit_cat_chicken/train/chickens\chickens178.jpg,1,2
759,C:/Users/liu68/Documents/computer_vision_tf2/dataset/rabbit_cat_chicken/train/chickens\chickens179.jpg,1,2
760,C:/Users/liu68/Documents/computer_vision_tf2/dataset/rabbit_cat_chicken/train/chickens\chickens180.jpg,1,2
761,C:/Users/liu68/Documents/computer_vision_tf2/dataset/rabbit_cat_chicken/train/chickens\chickens181.jpg,1,2
762,C:/Users/liu68/Documents/computer_vision_tf2/dataset/rabbit_cat_chicken/train/chickens\chickens182.jpg,1,2
763,C:/Users/liu68/Documents/computer_vision_tf2/dataset/rabbit_cat_chicken/train/chickens\chickens183.jpg,1,2
764,C:/Users/liu68/Documents/computer_vision_tf2/dataset/rabbit_cat_chicken/train/chickens\chickens184.jpg,1,2
765,C:/Users/liu68/Documents/computer_vision_tf2/dataset/rabbit_cat_chicken/train/chickens\chickens185.jpg,1,2
766,C:/Users/liu68/Documents/computer_vision_tf2/dataset/rabbit_cat_chicken/train/chickens\chickens186.jpg,1,2
767,C:/Users/liu68/Documents/computer_vision_tf2/dataset/rabbit_cat_chicken/train/chickens\chickens187.jpg,1,2
768,C:/Users/liu68/Documents/computer_vision_tf2/dataset/rabbit_cat_chicken/train/chickens\chickens188.jpg,1,2
769,C:/Users/liu68/Documents/computer_vision_tf2/dataset/rabbit_cat_chicken/train/chickens\chickens189.jpg,1,2
770,C:/Users/liu68/Documents/computer_vision_tf2/dataset/rabbit_cat_chicken/train/chickens\chickens190.jpg,1,2
771,C:/Users/liu68/Documents/computer_vision_tf2/dataset/rabbit_cat_chicken/train/chickens\chickens191.jpg,1,2
772,C:/Users/liu68/Documents/computer_vision_tf2/dataset/rabbit_cat_chicken/train/chickens\chickens192.jpg,1,2
773,C:/Users/liu68/Documents/computer_vision_tf2/dataset/rabbit_cat_chicken/train/chickens\chickens193.jpg,1,2
774,C:/Users/liu68/Documents/computer_vision_tf2/dataset/rabbit_cat_chicken/train/chickens\chickens194.jpg,1,2
775,C:/Users/liu68/Documents/computer_vision_tf2/dataset/rabbit_cat_chicken/train/chickens\chickens195.jpg,1,2
776,C:/Users/liu68/Documents/computer_vision_tf2/dataset/rabbit_cat_chicken/train/chickens\chickens196.jpg,1,2
777,C:/Users/liu68/Documents/computer_vision_tf2/dataset/rabbit_cat_chicken/train/chickens\chickens197.jpg,1,2
778,C:/Users/liu68/Documents/computer_vision_tf2/dataset/rabbit_cat_chicken/train/chickens\chickens198.jpg,1,2
779,C:/Users/liu68/Documents/computer_vision_tf2/dataset/rabbit_cat_chicken/train/chickens\chickens199.jpg,1,2
780,C:/Users/liu68/Documents/computer_vision_tf2/dataset/rabbit_cat_chicken/train/chickens\chickens200.jpg,1,2
781,C:/Users/liu68/Documents/computer_vision_tf2/dataset/rabbit_cat_chicken/train/chickens\chickens201.jpg,1,2
782,C:/Users/liu68/Documents/computer_vision_tf2/dataset/rabbit_cat_chicken/train/chickens\chickens202.jpg,1,2
783,C:/Users/liu68/Documents/computer_vision_tf2/dataset/rabbit_cat_chicken/train/chickens\chickens203.jpg,1,2
784,C:/Users/liu68/Documents/computer_vision_tf2/dataset/rabbit_cat_chicken/train/chickens\chickens204.jpg,1,2
785,C:/Users/liu68/Documents/computer_vision_tf2/dataset/rabbit_cat_chicken/train/chickens\chickens205.jpg,1,2
786,C:/Users/liu68/Documents/computer_vision_tf2/dataset/rabbit_cat_chicken/train/chickens\chickens206.jpg,1,2
787,C:/Users/liu68/Documents/computer_vision_tf2/dataset/rabbit_cat_chicken/train/chickens\chickens207.jpg,1,2
788,C:/Users/liu68/Documents/computer_vision_tf2/dataset/rabbit_cat_chicken/train/chickens\chickens208.jpg,1,2
789,C:/Users/liu68/Documents/computer_vision_tf2/dataset/rabbit_cat_chicken/train/chickens\chickens209.jpg,1,2
790,C:/Users/liu68/Documents/computer_vision_tf2/dataset/rabbit_cat_chicken/train/chickens\chickens210.jpg,1,2
791,C:/Users/liu68/Documents/computer_vision_tf2/dataset/rabbit_cat_chicken/train/chickens\chickens211.jpg,1,2
792,C:/Users/liu68/Documents/computer_vision_tf2/dataset/rabbit_cat_chicken/train/chickens\chickens212.jpg,1,2
793,C:/Users/liu68/Documents/computer_vision_tf2/dataset/rabbit_cat_chicken/train/chickens\chickens213.jpg,1,2
794,C:/Users/liu68/Documents/computer_vision_tf2/dataset/rabbit_cat_chicken/train/chickens\chickens214.jpg,1,2
795,C:/Users/liu68/Documents/computer_vision_tf2/dataset/rabbit_cat_chicken/train/chickens\chickens215.jpg,1,2
796,C:/Users/liu68/Documents/computer_vision_tf2/dataset/rabbit_cat_chicken/train/chickens\chickens216.jpg,1,2
797,C:/Users/liu68/Documents/computer_vision_tf2/dataset/rabbit_cat_chicken/train/chickens\chickens217.jpg,1,2
798,C:/Users/liu68/Documents/computer_vision_tf2/dataset/rabbit_cat_chicken/train/chickens\chickens218.jpg,1,2
799,C:/Users/liu68/Documents/computer_vision_tf2/dataset/rabbit_cat_chicken/train/chickens\chickens219.jpg,1,2
800,C:/Users/liu68/Documents/computer_vision_tf2/dataset/rabbit_cat_chicken/train/chickens\chickens220.jpg,1,2
801,C:/Users/liu68/Documents/computer_vision_tf2/dataset/rabbit_cat_chicken/train/chickens\chickens221.jpg,1,2
802,C:/Users/liu68/Documents/computer_vision_tf2/dataset/rabbit_cat_chicken/train/chickens\chickens222.jpg,1,2
803,C:/Users/liu68/Documents/computer_vision_tf2/dataset/rabbit_cat_chicken/train/chickens\chickens223.jpg,1,2
804,C:/Users/liu68/Documents/computer_vision_tf2/dataset/rabbit_cat_chicken/train/chickens\chickens224.jpg,1,2
805,C:/Users/liu68/Documents/computer_vision_tf2/dataset/rabbit_cat_chicken/train/chickens\chickens225.jpg,1,2
806,C:/Users/liu68/Documents/computer_vision_tf2/dataset/rabbit_cat_chicken/train/chickens\chickens226.jpg,1,2
807,C:/Users/liu68/Documents/computer_vision_tf2/dataset/rabbit_cat_chicken/train/chickens\chickens227.jpg,1,2
808,C:/Users/liu68/Documents/computer_vision_tf2/dataset/rabbit_cat_chicken/train/chickens\chickens228.jpg,1,2
809,C:/Users/liu68/Documents/computer_vision_tf2/dataset/rabbit_cat_chicken/train/chickens\chickens229.jpg,1,2
810,C:/Users/liu68/Documents/computer_vision_tf2/dataset/rabbit_cat_chicken/train/chickens\chickens230.jpg,1,2
811,C:/Users/liu68/Documents/computer_vision_tf2/dataset/rabbit_cat_chicken/train/chickens\chickens231.jpg,1,2
812,C:/Users/liu68/Documents/computer_vision_tf2/dataset/rabbit_cat_chicken/train/chickens\chickens232.jpg,1,2
813,C:/Users/liu68/Documents/computer_vision_tf2/dataset/rabbit_cat_chicken/train/chickens\chickens233.jpg,1,2
814,C:/Users/liu68/Documents/computer_vision_tf2/dataset/rabbit_cat_chicken/train/chickens\chickens234.jpg,1,2
815,C:/Users/liu68/Documents/computer_vision_tf2/dataset/rabbit_cat_chicken/train/chickens\chickens235.jpg,1,2
816,C:/Users/liu68/Documents/computer_vision_tf2/dataset/rabbit_cat_chicken/train/chickens\chickens236.jpg,1,2
817,C:/Users/liu68/Documents/computer_vision_tf2/dataset/rabbit_cat_chicken/train/chickens\chickens237.jpg,1,2
818,C:/Users/liu68/Documents/computer_vision_tf2/dataset/rabbit_cat_chicken/train/chickens\chickens238.jpg,1,2
819,C:/Users/liu68/Documents/computer_vision_tf2/dataset/rabbit_cat_chicken/train/chickens\chickens239.jpg,1,2
820,C:/Users/liu68/Documents/computer_vision_tf2/dataset/rabbit_cat_chicken/train/chickens\chickens240.jpg,1,2
821,C:/Users/liu68/Documents/computer_vision_tf2/dataset/rabbit_cat_chicken/train/chickens\chickens241.jpg,1,2
822,C:/Users/liu68/Documents/computer_vision_tf2/dataset/rabbit_cat_chicken/train/chickens\chickens242.jpg,1,2
823,C:/Users/liu68/Documents/computer_vision_tf2/dataset/rabbit_cat_chicken/train/chickens\chickens243.jpg,1,2
824,C:/Users/liu68/Documents/computer_vision_tf2/dataset/rabbit_cat_chicken/train/chickens\chickens244.jpg,1,2
825,C:/Users/liu68/Documents/computer_vision_tf2/dataset/rabbit_cat_chicken/train/chickens\chickens245.jpg,1,2
826,C:/Users/liu68/Documents/computer_vision_tf2/dataset/rabbit_cat_chicken/train/chickens\chickens246.jpg,1,2
827,C:/Users/liu68/Documents/computer_vision_tf2/dataset/rabbit_cat_chicken/train/chickens\chickens247.jpg,1,2
828,C:/Users/liu68/Documents/computer_vision_tf2/dataset/rabbit_cat_chicken/train/chickens\chickens248.jpg,1,2
829,C:/Users/liu68/Documents/computer_vision_tf2/dataset/rabbit_cat_chicken/train/chickens\chickens249.jpg,1,2
830,C:/Users/liu68/Documents/computer_vision_tf2/dataset/rabbit_cat_chicken/train/chickens\chickens250.jpg,1,2
831,C:/Users/liu68/Documents/computer_vision_tf2/dataset/rabbit_cat_chicken/train/chickens\chickens251.jpg,1,2
832,C:/Users/liu68/Documents/computer_vision_tf2/dataset/rabbit_cat_chicken/train/chickens\chickens252.jpg,1,2
833,C:/Users/liu68/Documents/computer_vision_tf2/dataset/rabbit_cat_chicken/train/chickens\chickens253.jpg,1,2
834,C:/Users/liu68/Documents/computer_vision_tf2/dataset/rabbit_cat_chicken/train/chickens\chickens254.jpg,1,2
835,C:/Users/liu68/Documents/computer_vision_tf2/dataset/rabbit_cat_chicken/train/chickens\chickens255.jpg,1,2
836,C:/Users/liu68/Documents/computer_vision_tf2/dataset/rabbit_cat_chicken/train/chickens\chickens256.jpg,1,2
837,C:/Users/liu68/Documents/computer_vision_tf2/dataset/rabbit_cat_chicken/train/chickens\chickens257.jpg,1,2
838,C:/Users/liu68/Documents/computer_vision_tf2/dataset/rabbit_cat_chicken/train/chickens\chickens258.jpg,1,2
839,C:/Users/liu68/Documents/computer_vision_tf2/dataset/rabbit_cat_chicken/train/chickens\chickens259.jpg,1,2
840,C:/Users/liu68/Documents/computer_vision_tf2/dataset/rabbit_cat_chicken/train/chickens\chickens260.jpg,1,2
841,C:/Users/liu68/Documents/computer_vision_tf2/dataset/rabbit_cat_chicken/train/chickens\chickens261.jpg,1,2
842,C:/Users/liu68/Documents/computer_vision_tf2/dataset/rabbit_cat_chicken/train/chickens\chickens262.jpg,1,2
843,C:/Users/liu68/Documents/computer_vision_tf2/dataset/rabbit_cat_chicken/train/chickens\chickens263.jpg,1,2
844,C:/Users/liu68/Documents/computer_vision_tf2/dataset/rabbit_cat_chicken/train/chickens\chickens264.jpg,1,2
845,C:/Users/liu68/Documents/computer_vision_tf2/dataset/rabbit_cat_chicken/train/chickens\chickens265.jpg,1,2
846,C:/Users/liu68/Documents/computer_vision_tf2/dataset/rabbit_cat_chicken/train/chickens\chickens266.jpg,1,2
847,C:/Users/liu68/Documents/computer_vision_tf2/dataset/rabbit_cat_chicken/train/chickens\chickens267.jpg,1,2
848,C:/Users/liu68/Documents/computer_vision_tf2/dataset/rabbit_cat_chicken/train/chickens\chickens268.jpg,1,2
849,C:/Users/liu68/Documents/computer_vision_tf2/dataset/rabbit_cat_chicken/train/chickens\chickens269.jpg,1,2
850,C:/Users/liu68/Documents/computer_vision_tf2/dataset/rabbit_cat_chicken/train/chickens\chickens270.jpg,1,2
851,C:/Users/liu68/Documents/computer_vision_tf2/dataset/rabbit_cat_chicken/train/chickens\chickens271.jpg,1,2
852,C:/Users/liu68/Documents/computer_vision_tf2/dataset/rabbit_cat_chicken/train/chickens\chickens272.jpg,1,2
853,C:/Users/liu68/Documents/computer_vision_tf2/dataset/rabbit_cat_chicken/train/chickens\chickens273.jpg,1,2
854,C:/Users/liu68/Documents/computer_vision_tf2/dataset/rabbit_cat_chicken/train/chickens\chickens274.jpg,1,2
855,C:/Users/liu68/Documents/computer_vision_tf2/dataset/rabbit_cat_chicken/train/chickens\chickens275.jpg,1,2
856,C:/Users/liu68/Documents/computer_vision_tf2/dataset/rabbit_cat_chicken/train/chickens\chickens276.jpg,1,2
857,C:/Users/liu68/Documents/computer_vision_tf2/dataset/rabbit_cat_chicken/train/chickens\chickens277.jpg,1,2
858,C:/Users/liu68/Documents/computer_vision_tf2/dataset/rabbit_cat_chicken/train/chickens\chickens278.jpg,1,2
859,C:/Users/liu68/Documents/computer_vision_tf2/dataset/rabbit_cat_chicken/train/chickens\chickens279.jpg,1,2
860,C:/Users/liu68/Documents/computer_vision_tf2/dataset/rabbit_cat_chicken/train/chickens\chickens280.jpg,1,2
861,C:/Users/liu68/Documents/computer_vision_tf2/dataset/rabbit_cat_chicken/train/chickens\chickens281.jpg,1,2
862,C:/Users/liu68/Documents/computer_vision_tf2/dataset/rabbit_cat_chicken/train/chickens\chickens282.jpg,1,2
863,C:/Users/liu68/Documents/computer_vision_tf2/dataset/rabbit_cat_chicken/train/chickens\chickens283.jpg,1,2
864,C:/Users/liu68/Documents/computer_vision_tf2/dataset/rabbit_cat_chicken/train/chickens\chickens284.jpg,1,2
865,C:/Users/liu68/Documents/computer_vision_tf2/dataset/rabbit_cat_chicken/train/chickens\chickens285.jpg,1,2
866,C:/Users/liu68/Documents/computer_vision_tf2/dataset/rabbit_cat_chicken/train/chickens\chickens286.jpg,1,2
867,C:/Users/liu68/Documents/computer_vision_tf2/dataset/rabbit_cat_chicken/train/chickens\chickens287.jpg,1,2
868,C:/Users/liu68/Documents/computer_vision_tf2/dataset/rabbit_cat_chicken/train/chickens\chickens288.jpg,1,2
869,C:/Users/liu68/Documents/computer_vision_tf2/dataset/rabbit_cat_chicken/train/chickens\chickens289.jpg,1,2
870,C:/Users/liu68/Documents/computer_vision_tf2/dataset/rabbit_cat_chicken/train/chickens\chickens290.jpg,1,2
871,C:/Users/liu68/Documents/computer_vision_tf2/dataset/rabbit_cat_chicken/train/chickens\chickens291.jpg,1,2
872,C:/Users/liu68/Documents/computer_vision_tf2/dataset/rabbit_cat_chicken/train/chickens\chickens292.jpg,1,2
873,C:/Users/liu68/Documents/computer_vision_tf2/dataset/rabbit_cat_chicken/train/chickens\chickens293.jpg,1,2
874,C:/Users/liu68/Documents/computer_vision_tf2/dataset/rabbit_cat_chicken/train/chickens\chickens294.jpg,1,2
875,C:/Users/liu68/Documents/computer_vision_tf2/dataset/rabbit_cat_chicken/train/chickens\chickens295.jpg,1,2
876,C:/Users/liu68/Documents/computer_vision_tf2/dataset/rabbit_cat_chicken/train/chickens\chickens296.jpg,1,2
877,C:/Users/liu68/Documents/computer_vision_tf2/dataset/rabbit_cat_chicken/train/chickens\chickens297.jpg,1,2
878,C:/Users/liu68/Documents/computer_vision_tf2/dataset/rabbit_cat_chicken/train/chickens\chickens298.jpg,1,2
879,C:/Users/liu68/Documents/computer_vision_tf2/dataset/rabbit_cat_chicken/train/chickens\chickens299.jpg,1,2
880,C:/Users/liu68/Documents/computer_vision_tf2/dataset/rabbit_cat_chicken/train/chickens\chickens300.jpg,1,2
881,C:/Users/liu68/Documents/computer_vision_tf2/dataset/rabbit_cat_chicken/train/chickens\chickens301.jpg,1,2
882,C:/Users/liu68/Documents/computer_vision_tf2/dataset/rabbit_cat_chicken/train/chickens\chickens302.jpg,1,2
883,C:/Users/liu68/Documents/computer_vision_tf2/dataset/rabbit_cat_chicken/train/chickens\chickens303.jpg,1,2
884,C:/Users/liu68/Documents/computer_vision_tf2/dataset/rabbit_cat_chicken/train/chickens\chickens304.jpg,1,2
885,C:/Users/liu68/Documents/computer_vision_tf2/dataset/rabbit_cat_chicken/train/chickens\chickens305.jpg,1,2
886,C:/Users/liu68/Documents/computer_vision_tf2/dataset/rabbit_cat_chicken/train/chickens\chickens306.jpg,1,2
887,C:/Users/liu68/Documents/computer_vision_tf2/dataset/rabbit_cat_chicken/train/chickens\chickens307.jpg,1,2
888,C:/Users/liu68/Documents/computer_vision_tf2/dataset/rabbit_cat_chicken/train/chickens\chickens308.jpg,1,2
889,C:/Users/liu68/Documents/computer_vision_tf2/dataset/rabbit_cat_chicken/train/chickens\chickens309.jpg,1,2
